faculty_code,faculty,course_code,course_name,class,teacher,year,day,start_time,end_time,student_nums
GÖRSEL İLETİŞİM TASARIMI_GSF102,GÖRSEL İLETİŞİM TASARIMI,GSF102,TEMEL TASARIM II,L-102(GİT ATÖLYE II)[60],SEÇİL KARTOPU,1,Pazartesi,09:00,14:50,41
GÖRSEL İLETİŞİM TASARIMI_GSF106,GÖRSEL İLETİŞİM TASARIMI,GSF106,ÇİZİM II,L-101(GİT ATÖLYE I)[60],Öğr.Gör. İSMAİL FURKAN YAVUZ,1,Pazartesi,09:00,14:50,44
GÖRSEL İLETİŞİM TASARIMI_BLG102,GÖRSEL İLETİŞİM TASARIMI,BLG102,BİLGİ TEKNOLOJİLERİ KULLANIMI,AZ 13(BİLGİSAYAR LAB.)[80],Öğr.Gör. AHMET AKSOY,1,Salı,09:00,15:20,44
İKTİSAT_ENG104,İKTİSAT,ENG104,ACADEMIC ENGLISH II,B382(KONFERANS SALONU)[143],Öğr.Gör. MÜGE AKGEDİK AKOĞLANOĞLU,1,Pazartesi,09:00,16:20,35
İKTİSAT_ECON102,İKTİSAT,ECON102,INTRODUCTION TO ECONOMICS II,B338-D1(DERSLİK1)[121],KORAY GÖKSAL,1,Pazartesi,14:00,16:20,91
İKTİSAT_ECON144,İKTİSAT,ECON144,CALCULUS II,B338-D1(DERSLİK1)[121],SELEN ÖZÇELİK,1,Salı,09:00,16:20,89
İKTİSAT_PSPA106,İKTİSAT,PSPA106,CONSTITUTIONAL LAW,B383-D10(DERSLİK10)[143],Arş.Gör.GENCER KARABEKİR KARAGENÇ,1,Salı,14:00,16:20,70
İKTİSAT_PSPA102,İKTİSAT,PSPA102,INTRODUCTION TO POLITICS II,B372-D2(DERSLİK2)[121],ÖZGE ÖZ DÖM,1,Çarşamba,13:00,15:20,73
İKTİSAT_ECON146,İKTİSAT,ECON146,INTRODUCTION TO BUSINESS,B338-D1(DERSLİK1)[121],FATİH CEMİL ÖZBUĞDAY,1,Perşembe,09:00,11:50,62
ARAPÇA MÜTERCİM VE TERCÜMANLIK_MTA210,ARAPÇA MÜTERCİM VE TERCÜMANLIK,MTA210,SÖZLÜ ANLATIM IV,A 163(DERSLİK A 163)[70],AHMED ALDYAB,2,Pazartesi,09:00,10:50,38
ARAPÇA MÜTERCİM VE TERCÜMANLIK_MTA208,ARAPÇA MÜTERCİM VE TERCÜMANLIK,MTA208,ARAPÇA KLASİK METİNLER,A 163(DERSLİK A 163)[70],OSMAN DÜZGÜN,2,Pazartesi,11:00,12:50,42
ARAPÇA MÜTERCİM VE TERCÜMANLIK_MTA212,ARAPÇA MÜTERCİM VE TERCÜMANLIK,MTA212,OSMANLI TÜRKÇESİ YAZI TÜRLERİ,A 163(DERSLİK A 163)[70],GÜNEŞ MUHİP ÖZYURT,2,Pazartesi,14:00,15:20,39
ARAPÇA MÜTERCİM VE TERCÜMANLIK_MTA256,ARAPÇA MÜTERCİM VE TERCÜMANLIK,MTA256,METİN İNCELEMELERİ,A 164(DERSLİK A 164)[80],KAMİL KARASU,2,Salı,09:00,10:50,44
ARAPÇA MÜTERCİM VE TERCÜMANLIK_MTA214,ARAPÇA MÜTERCİM VE TERCÜMANLIK,MTA214,EDEBİ ÇEVİRİ II,A 164(DERSLİK A 164)[80],ÖZLEM ZÜLEYHA KURAN,2,Salı,11:00,13:50,40
ARAPÇA MÜTERCİM VE TERCÜMANLIK_MTA252,ARAPÇA MÜTERCİM VE TERCÜMANLIK,MTA252,HUKUK ÇEVİRİSİ II,AZ 37(DERSLİK AZ 37)[70],ABDULLAH BALLI,2,Çarşamba,13:00,14:50,34
ARAPÇA MÜTERCİM VE TERCÜMANLIK_MTA254,ARAPÇA MÜTERCİM VE TERCÜMANLIK,MTA254,HABER ÇEVİRİSİ II,AZ 37(DERSLİK AZ 37)[70],MEHMET SADIK GÜR,2,Çarşamba,15:00,16:20,34
ARAPÇA MÜTERCİM VE TERCÜMANLIK_MTA220,ARAPÇA MÜTERCİM VE TERCÜMANLIK,MTA220,NOT ALMA TEKNİKLERİ,A 164(DERSLİK A 164)[80],MEHMET SADIK GÜR,2,Perşembe,14:00,15:20,19
BİLGİ VE BELGE YÖNET._BBY104,BİLGİ VE BELGE YÖNET.,BBY104,BİLGİ YÖNETİMİ,A 173(Prof. Dr. OSMAN ERSOY)[70],EDİNE FİKRET SÜLEYMANOĞLU,1,Pazartesi,14:00,16:20,77
BİLGİ VE BELGE YÖNET._BBY108,BİLGİ VE BELGE YÖNET.,BBY108,BİLGİ OKUR YAZARLIĞI,AZ 25(Prof. Dr. FEHMİ ETHEM KARATAY)[70],Öğr.Gör. AYBEGÜM AKSAK GÖNÜL,1,Salı,10:00,12:50,79
BİLGİ VE BELGE YÖNET._BBY106,BİLGİ VE BELGE YÖNET.,BBY106,BİLGİ MERKEZLERİ VE KAYNAKLARI TARİHİ,AZ 25(Prof. Dr. FEHMİ ETHEM KARATAY)[70],Öğr.Gör. AYBEGÜM AKSAK GÖNÜL,1,Salı,13:00,16:20,80
BİLGİ VE BELGE YÖNET._BBY102,BİLGİ VE BELGE YÖNET.,BBY102,BİLGİNİN DÜZENLENMESİNE GİRİŞ,A 175(Prof. Dr. ADNAN ÖTÜKEN)[70],MUSTAFA BAYTER,1,Çarşamba,13:00,15:20,85
MALİYE_ECON102@09:00,MALİYE,ECON102,INTRODUCTION TO ECONOMICS II,B383-D10(DERSLİK10)[143],SÜMEYYE YILDIZ,1,Pazartesi,09:00,16:20,91
MALİYE_ECON144@14:00,MALİYE,ECON144,CALCULUS II,B372-D2(DERSLİK2)[121],ÜSAME FURKAN YÜKSEL,1,Pazartesi,14:00,16:20,60
MALİYE_PSPA106@14:00,MALİYE,PSPA106,CONSTITUTIONAL LAW,B383-D10(DERSLİK10)[143],Arş.Gör.GENCER KARABEKİR KARAGENÇ,1,Salı,14:00,16:20,70
MALİYE_PSPA102@09:00,MALİYE,PSPA102,INTRODUCTION TO POLITICS II,B372-D2(DERSLİK2)[121],Arş.Gör.MURAT KAÇER,1,Çarşamba,09:00,15:20,73
MALİYE_ENG104@15:00,MALİYE,ENG104,ACADEMIC ENGLISH II,B382(KONFERANS SALONU)[143],Öğr.Gör. DENNIS O`KEEFE,1,Çarşamba,15:00,16:20,35
MALİYE_PUBF102,MALİYE,PUBF102,INTRODUCTION TO PUBLIC FINANCE,B383-D10(DERSLİK10)[143],ASUMAN ÇUKUR,1,Perşembe,14:00,16:20,80
MİMARLIK(İNG)_ARCH114,MİMARLIK(İNG),ARCH114,BUILDING AND CONSTRUCTION TECHNOLOGY,L-318/319(ATÖLYE IV)[140],İLKAY DİNÇ UYAROĞLU,1,Pazartesi,09:00,12:50,155
MİMARLIK(İNG)_ARCH122,MİMARLIK(İNG),ARCH122,BUILDING THEORY,L-318/319(ATÖLYE IV)[140],HATİCE KALFAOĞLU HATİPOĞLU,1,Salı,09:00,11:50,90
MİMARLIK(İNG)_ARCH144,MİMARLIK(İNG),ARCH144,TECHNICAL DRAWING II,L-304(BİLGİSAYAR LABORATUVARI)[50],RÜYA ARDIÇOĞLU,1,Salı,12:00,15:20,82
MİMARLIK(İNG)_ARCH124,MİMARLIK(İNG),ARCH124,ARCHITECTURAL HISTORY I,L-303(DERSLİK)[120],GÜLŞAH ÇELİK BAŞOK,1,Çarşamba,09:00,10:50,153
İNGİLİZCE MÜTERCİM VE TERCÜMANLIK_IMT114,İNGİLİZCE MÜTERCİM VE TERCÜMANLIK,IMT114,CONTEMPORARY ISSUES IN CULTURAL STUDIES,A 249(DERSLİK A 249)[68],ŞEMSETTİN TABUR,1,Pazartesi,09:00,11:50,79
İNGİLİZCE MÜTERCİM VE TERCÜMANLIK_MTR104,İNGİLİZCE MÜTERCİM VE TERCÜMANLIK,MTR104,RUSSIAN II,A 249(DERSLİK A 249)[68],REŞAT ŞAKAR,1,Pazartesi,13:00,14:50,49
İNGİLİZCE MÜTERCİM VE TERCÜMANLIK_IMT108,İNGİLİZCE MÜTERCİM VE TERCÜMANLIK,IMT108,LISTENING AND SPEAKING II,A257(A257 DERSLİK)[80],AYCAN GÖKÇEK,1,Çarşamba,09:00,11:50,59
İNGİLİZCE MÜTERCİM VE TERCÜMANLIK_IMT106,İNGİLİZCE MÜTERCİM VE TERCÜMANLIK,IMT106,READING AND WRITING II,A 249(DERSLİK A 249)[68],ARİF BAKLA,1,Çarşamba,13:00,15:20,65
PSİKOLOJİ(İNG)_PSY102,PSİKOLOJİ(İNG),PSY102,INTRODUCTION TO PSYCHOLOGY II,AMFİ A 172(AMFİ A 172 )[130],NUR ELİBOL PEKASLAN,1,Pazartesi,09:00,11:50,134
PSİKOLOJİ(İNG)_PSY104,PSİKOLOJİ(İNG),PSY104,RESEARCH METHODS II,BS5(247)[70],ÖZLEM ERSAN,1,Çarşamba,09:00,11:50,130
PSİKOLOJİ(İNG)_PHIL136,PSİKOLOJİ(İNG),PHIL136,PHILOSOPHY OF PSYCHOLOGY,A 265(FARABİ AMFİSİ)[132],ITIR GÜNEŞ,1,Çarşamba,13:00,15:20,107
SİY. BİL. VE KAMU YÖN._ECON102@09:00,SİY. BİL. VE KAMU YÖN.,ECON102,INTRODUCTION TO ECONOMICS II,B372-D2(DERSLİK2)[121],MUHAMMED ŞEHİD GÖRÜŞ,1,Pazartesi,09:00,16:20,91
SİY. BİL. VE KAMU YÖN._ENG104@15:00,SİY. BİL. VE KAMU YÖN.,ENG104,ACADEMIC ENGLISH II,B382(KONFERANS SALONU)[143],Öğr.Gör. DENNIS O`KEEFE,1,Pazartesi,15:00,16:20,35
SİY. BİL. VE KAMU YÖN._PSPA104,SİY. BİL. VE KAMU YÖN.,PSPA104,HISTORY OF CIVILIZATIONS,B375-D13(DERSLİK13)[84],ÖYKÜ ŞAFAK ÇUBUKÇU,1,Salı,09:00,11:50,81
SİY. BİL. VE KAMU YÖN._PSPA106@14:00,SİY. BİL. VE KAMU YÖN.,PSPA106,CONSTITUTIONAL LAW,B202(AMFİ 1)[140],ŞAHİN ERAY KIRDIM,1,Salı,14:00,16:20,70
SİY. BİL. VE KAMU YÖN._PSPA102@09:00,SİY. BİL. VE KAMU YÖN.,PSPA102,INTRODUCTION TO POLITICS II,B338-D1(DERSLİK1)[121],MUHTEREM MERVE ALTINTAŞ,1,Çarşamba,09:00,15:20,73
SİY. BİL. VE KAMU YÖN._PUBF102@14:00,SİY. BİL. VE KAMU YÖN.,PUBF102,INTRODUCTION TO PUBLIC FINANCE,B383-D10(DERSLİK10)[143],ASUMAN ÇUKUR,1,Perşembe,14:00,16:20,80
SOSYOLOJİ_PSİ124,SOSYOLOJİ,PSİ124,SOSYAL PSİKOLOJİ,A 280(SABRİ ÜLGENER DERSLİĞİ)[70],GÜLER CANSU AĞÖREN,1,Pazartesi,10:00,12:50,58
SOSYOLOJİ_SOS108,SOSYOLOJİ,SOS108,SİYASET BİLİMİNE GİRİŞ,A 225(EROL GÜNGÖR DERSLİĞİ)[60],MAZHAR BAĞLI,1,Pazartesi,14:00,16:20,46
SOSYOLOJİ_SOS102,SOSYOLOJİ,SOS102,SOSYOLOJİYE GİRİŞ II,A 225(EROL GÜNGÖR DERSLİĞİ)[60],MUSTAFA ORÇAN,1,Salı,10:00,12:50,66
SOSYOLOJİ_İKTS100,SOSYOLOJİ,İKTS100,İKTİSADA GİRİŞ,A 225(EROL GÜNGÖR DERSLİĞİ)[60],Arş.Gör.CİHAN GÜNEŞ,1,Çarşamba,10:00,12:50,60
SOSYOLOJİ_SOS104,SOSYOLOJİ,SOS104,SOSYAL BİLİMLERDE ARAŞTIRMA YÖNTEM VE TEKNİKLERİ II,A 225(EROL GÜNGÖR DERSLİĞİ)[60],Öğr.Gör. MURAT ÖZTÜRK,1,Çarşamba,14:00,16:20,75
TÜRK DİLİ VE EDEBİYATI_TDE204,TÜRK DİLİ VE EDEBİYATI,TDE204,OSMANLI TÜRKÇESİ IV,A 367(YUSUF HAS HÂCİP DERSLİĞİ)[90],MUSTAFA ERDOĞAN,2,Pazartesi,08:00,16:20,36
TÜRK DİLİ VE EDEBİYATI_TDE244,TÜRK DİLİ VE EDEBİYATI,TDE244,SES EĞİTİMİ VE ŞİİR OKUMA,A 367(YUSUF HAS HÂCİP DERSLİĞİ)[90],SALİM PİLAV,2,Salı,08:00,09:50,21
TÜRK DİLİ VE EDEBİYATI_TDE250,TÜRK DİLİ VE EDEBİYATI,TDE250,DEDE KORKUT OĞUZNAMELERİ,A 367(YUSUF HAS HÂCİP DERSLİĞİ)[90],AKARTÜRK KARAHAN,2,Salı,10:00,11:50,21
TÜRK DİLİ VE EDEBİYATI_TDE206,TÜRK DİLİ VE EDEBİYATI,TDE206,SERVET-İ FÜNUN DÖNEMİ TÜRK EDEBİYATI,A 367(YUSUF HAS HÂCİP DERSLİĞİ)[90],CENGİZ KARATAŞ,2,Salı,12:00,14:50,58
TÜRK DİLİ VE EDEBİYATI_TDE230,TÜRK DİLİ VE EDEBİYATI,TDE230,ESKİ TÜRK EDEBİYATINDA TÜRLER II,A 367(YUSUF HAS HÂCİP DERSLİĞİ)[90],MUSTAFA ARSLAN,2,Salı,15:00,16:20,12
TÜRK DİLİ VE EDEBİYATI_TDE248,TÜRK DİLİ VE EDEBİYATI,TDE248,TARİHÎ TÜRK YAZI DİLLERİNDE ATASÖZLERİ VE DEYİMLER,A 379(KÂŞGARLI MAHMUT DERSLİĞİ)[120],YAŞAR TOKAY,2,Salı,15:00,16:20,21
TÜRK DİLİ VE EDEBİYATI_TDE212,TÜRK DİLİ VE EDEBİYATI,TDE212,ESKİ TÜRK EDEBİYATI II,A 367(YUSUF HAS HÂCİP DERSLİĞİ)[90],SİBEL ÜST ERDEM,2,Çarşamba,11:00,13:50,98
TÜRK DİLİ VE EDEBİYATI_TDE208,TÜRK DİLİ VE EDEBİYATI,TDE208,TÜRK HALK TİYATROSU,A 367(YUSUF HAS HÂCİP DERSLİĞİ)[90],İBRAHİM ETHEM ARIOĞLU,2,Çarşamba,14:00,16:20,84
TÜRK DİLİ VE EDEBİYATI_TDE214,TÜRK DİLİ VE EDEBİYATI,TDE214,BATILILAŞMA DÖNEMİ FİKİR HAREKETLERİ,A 367(YUSUF HAS HÂCİP DERSLİĞİ)[90],AYŞE DEMİR,2,Perşembe,12:00,13:50,20
TÜRK DİLİ VE EDEBİYATI_TDE202,TÜRK DİLİ VE EDEBİYATI,TDE202,ESKİ UYGUR TÜRKÇESİ,A 367(YUSUF HAS HÂCİP DERSLİĞİ)[90],NURDAN BENLİ,2,Perşembe,14:00,16:20,74
ARAPÇA MÜTERCİM VE TERCÜMANLIK_MTA314,ARAPÇA MÜTERCİM VE TERCÜMANLIK,MTA314,TIP ÇEVİRİSİ,AZ 37(DERSLİK AZ 37)[70],ÖZLEM ZÜLEYHA KURAN,3,Pazartesi,10:00,11:50,38
ARAPÇA MÜTERCİM VE TERCÜMANLIK_MTA304,ARAPÇA MÜTERCİM VE TERCÜMANLIK,MTA304,EŞ ZAMANLI ÇEVİRİ II,A376(A376)[32],OSMAN DÜZGÜN,3,Pazartesi,13:00,16:20,28
ARAPÇA MÜTERCİM VE TERCÜMANLIK_MTA332,ARAPÇA MÜTERCİM VE TERCÜMANLIK,MTA332,HUKUK ÇEVİRİSİ IV,A 164(DERSLİK A 164)[80],ABDULLAH BALLI,3,Çarşamba,10:00,11:50,30
ARAPÇA MÜTERCİM VE TERCÜMANLIK_MTA354,ARAPÇA MÜTERCİM VE TERCÜMANLIK,MTA354,ARDIL ÇEVİRİ II,A 164(DERSLİK A 164)[80],Sevsen ABUHANNOUD BÜYÜK,3,Çarşamba,13:00,14:50,23
ARAPÇA MÜTERCİM VE TERCÜMANLIK_MTA334,ARAPÇA MÜTERCİM VE TERCÜMANLIK,MTA334,TURİZM ÇEVİRİSİ,A 163(DERSLİK A 163)[70],Öğr.Gör. AYŞE SIDIKA ALKAN,3,Perşembe,09:00,10:50,34
ARAPÇA MÜTERCİM VE TERCÜMANLIK_MTA336,ARAPÇA MÜTERCİM VE TERCÜMANLIK,MTA336,MODERN ARAP KÜLTÜRÜ,AZ 37(DERSLİK AZ 37)[70],HANA HUSSEIN ABOARGOB,3,Perşembe,11:00,12:50,37
BİLGİ VE BELGE YÖNET._BBY206,BİLGİ VE BELGE YÖNET.,BBY206,HALK VE OKUL KÜTÜPHANELERİ,AZ 25(Prof. Dr. FEHMİ ETHEM KARATAY)[70],ERDİNÇ ALACA,2,Pazartesi,13:00,15:20,44
BİLGİ VE BELGE YÖNET._BBY204,BİLGİ VE BELGE YÖNET.,BBY204,ARŞİV VE BELGE YÖNETİMİ II,AMFİ 179(AMFİ 179)[120],EDİNE FİKRET SÜLEYMANOĞLU,2,Salı,10:00,12:50,48
BİLGİ VE BELGE YÖNET._BBY208,BİLGİ VE BELGE YÖNET.,BBY208,ARAŞTIRMA YÖNTEMLERİ II,AMFİ 179(AMFİ 179)[120],ERDİNÇ ALACA,2,Salı,14:00,16:20,46
BİLGİ VE BELGE YÖNET._BBY202,BİLGİ VE BELGE YÖNET.,BBY202,BİLGİNİN DÜZENLENMESİ II,A 173(Prof. Dr. OSMAN ERSOY)[70],MUSTAFA BAYTER,2,Çarşamba,09:00,11:50,57
GÖRSEL İLETİŞİM TASARIMI_GTS208,GÖRSEL İLETİŞİM TASARIMI,GTS208,FOTOĞRAF II,L-115(DERSLİK I)[70],CENGİZ ŞAHİN,2,Pazartesi,10:00,11:50,67
GÖRSEL İLETİŞİM TASARIMI_GTS220,GÖRSEL İLETİŞİM TASARIMI,GTS220,KÜLTÜR TARİHİ,L-115(DERSLİK I)[70],GÜVEN MERAL,2,Pazartesi,13:00,14:50,58
GÖRSEL İLETİŞİM TASARIMI_GTS212,GÖRSEL İLETİŞİM TASARIMI,GTS212,BİLGİLENDİRME TASARIMI,L-102(GİT ATÖLYE II)[60],SEÇİL KARTOPU,2,Pazartesi,15:00,16:20,66
GÖRSEL İLETİŞİM TASARIMI_GTS204,GÖRSEL İLETİŞİM TASARIMI,GTS204,BİLGİSAYAR DESTEKLİ TASARIM II,L-104(BİLGİSAYAR LABORATUVARI II)[60],GÜVEN MERAL,2,Salı,09:00,11:50,77
GÖRSEL İLETİŞİM TASARIMI_GTS202,GÖRSEL İLETİŞİM TASARIMI,GTS202,TASARIM ATÖLYE II,L-104(BİLGİSAYAR LABORATUVARI II)[60],Öğr.Gör. İSMAİL FURKAN YAVUZ,2,Salı,13:00,15:20,69
GÖRSEL İLETİŞİM TASARIMI_GTS210,GÖRSEL İLETİŞİM TASARIMI,GTS210,DİJİTAL İLLÜSTRASYON,L-104(BİLGİSAYAR LABORATUVARI II)[60],FATOŞ ÇAKICIOĞLU İLHAN,2,Çarşamba,09:00,11:50,70
GÖRSEL İLETİŞİM TASARIMI_GTS206,GÖRSEL İLETİŞİM TASARIMI,GTS206,TİPOGRAFİ II,L-110(BİLGİSAYAR LABORATUVARI)[30],CENGİZ ŞAHİN,2,Çarşamba,13:00,15:20,74
İKTİSAT_ECON216,İKTİSAT,ECON216,RESEARCH METHODS,B374-D4(DERSLİK4)[70],BORA ALTAY,2,Pazartesi,09:00,11:50,59
İKTİSAT_ECON208,İKTİSAT,ECON208,HISTORY OF ECONOMIC THOUGHT,B378-D6(DERSLİK6)[70],CEM KORKUT,2,Pazartesi,14:00,16:20,59
İKTİSAT_ECON206,İKTİSAT,ECON206,INTRODUCTION TO PROBABILITY AND STATISTICS II,B383-D10(DERSLİK10)[143],FATMA ÖZGÜ SERTTAŞ,2,Salı,09:00,16:20,46
İKTİSAT_PUBF204,İKTİSAT,PUBF204,ACCOUNTING II,B372-D2(DERSLİK2)[121],KÜRŞAD ÇAVUŞOĞLU,2,Salı,14:00,16:20,54
İKTİSAT_ECON214,İKTİSAT,ECON214,MACROECONOMICS II,B376-D5(DERSLİK5)[70],MEHMET FATİH ÖZTEK,2,Perşembe,09:00,11:50,48
MALİYE_ECON212,MALİYE,ECON212,MICROECONOMICS II,B377-D12(DERSLİK12)[84],ÜSAME FURKAN YÜKSEL,2,Pazartesi,09:00,11:50,48
MALİYE_ECON206@14:00,MALİYE,ECON206,INTRODUCTION TO PROBABILITY AND STATISTICS II,B383-D10(DERSLİK10)[143],SÜMEYYE YILDIZ,2,Pazartesi,14:00,16:20,58
MALİYE_PUBF202,MALİYE,PUBF202,PUBLIC FINANCE THEORY II,B379-D7(DERSLİK7)[70],ŞAHİN YEŞİLYURT,2,Salı,09:00,11:50,62
MALİYE_PUBF204@14:00,MALİYE,PUBF204,ACCOUNTING II,B372-D2(DERSLİK2)[121],KÜRŞAD ÇAVUŞOĞLU,2,Salı,14:00,16:20,54
MALİYE_ECON214@09:00,MALİYE,ECON214,MACROECONOMICS II,B376-D5(DERSLİK5)[70],MUHAMMED ŞEHİD GÖRÜŞ,2,Çarşamba,09:00,11:50,54
MALİYE_PUBF214,MALİYE,PUBF214,LAW OF OBLIGATIONS,B378-D6(DERSLİK6)[70],Arş.Gör. ONUR MUSAB KARAKAŞ,2,Perşembe,09:00,11:50,51
MİMARLIK(İNG)_ARCH216,MİMARLIK(İNG),ARCH216,STRUCTURAL BUILDING SYSTEMS AND COMPONENTS,L-303(DERSLİK)[120],EKREM BAHADIR ÇALIŞKAN,2,Pazartesi,13:00,17:50,102
MİMARLIK(İNG)_ARCH242,MİMARLIK(İNG),ARCH242,BUILDING INFORMATION MODELING,L-304(BİLGİSAYAR LABORATUVARI)[50],AHMET EMRE DİNÇER,2,Salı,09:00,11:50,55
MİMARLIK(İNG)_ARCHE241,MİMARLIK(İNG),ARCHE241,PARAMETRIC DESIGN,L215(ATÖLYE V)[80],AHMET EMRE DİNÇER,2,Salı,13:00,15:20,38
MİMARLIK(İNG)_ARCHE231,MİMARLIK(İNG),ARCHE231,URBAN ECOLOGY,L-301(MAKET ATÖLYESİ)[65],KÜBRA YILDIRIM ÖZCAN,2,Çarşamba,09:00,11:50,19
MİMARLIK(İNG)_ARCH224,MİMARLIK(İNG),ARCH224,ARCHITECTURAL HISTORY III,L-303(DERSLİK)[120],GÜLŞAH ÇELİK BAŞOK,2,Çarşamba,13:00,15:20,152
MİMARLIK(İNG)_ARCHE204,MİMARLIK(İNG),ARCHE204,PHOTOGRAPHY,L-301(MAKET ATÖLYESİ)[65],KÜBRA YILDIRIM ÖZCAN,2,Perşembe,09:00,11:50,78
İNGİLİZCE MÜTERCİM VE TERCÜMANLIK_IMT236,İNGİLİZCE MÜTERCİM VE TERCÜMANLIK,IMT236,DISCOURSE ANALYSIS,A257(A257 DERSLİK)[80],BURAK SUNGURALP TEKİN,2,Pazartesi,09:00,11:50,42
İNGİLİZCE MÜTERCİM VE TERCÜMANLIK_IMT204,İNGİLİZCE MÜTERCİM VE TERCÜMANLIK,IMT204,LANGUAGE ACQUISITION,A257(A257 DERSLİK)[80],BURAK SUNGURALP TEKİN,2,Pazartesi,13:00,14:50,11
İNGİLİZCE MÜTERCİM VE TERCÜMANLIK_MTR232,İNGİLİZCE MÜTERCİM VE TERCÜMANLIK,MTR232,RUSSIAN IV,A 249(DERSLİK A 249)[68],REŞAT ŞAKAR,2,Pazartesi,15:00,16:20,19
İNGİLİZCE MÜTERCİM VE TERCÜMANLIK_IMT206,İNGİLİZCE MÜTERCİM VE TERCÜMANLIK,IMT206,LISTENING AND NOTE TAKING II,A257(A257 DERSLİK)[80],ŞEMSETTİN TABUR,2,Salı,09:00,11:50,17
İNGİLİZCE MÜTERCİM VE TERCÜMANLIK_IMT228,İNGİLİZCE MÜTERCİM VE TERCÜMANLIK,IMT228,INTRODUCTION TO INTERPRETING,A 249(DERSLİK A 249)[68],FEYZA AKGÜN,2,Salı,09:00,11:50,59
İNGİLİZCE MÜTERCİM VE TERCÜMANLIK_IMT226,İNGİLİZCE MÜTERCİM VE TERCÜMANLIK,IMT226,TRANSLATION STUDIES II,A257(A257 DERSLİK)[80],KÜBRA ÇELİK,2,Salı,13:00,15:20,64
İNGİLİZCE MÜTERCİM VE TERCÜMANLIK_IMT234,İNGİLİZCE MÜTERCİM VE TERCÜMANLIK,IMT234,AMERICAN LITERATURE,AZ 40(Prof. Dr. NİHAD MAZLUM ÇETİN DERSLİĞİ)[40],ŞEMSETTİN TABUR,2,Çarşamba,13:00,14:50,26
İNGİLİZCE MÜTERCİM VE TERCÜMANLIK_IMT224,İNGİLİZCE MÜTERCİM VE TERCÜMANLIK,IMT224,WORLD LITERATURES,A257(A257 DERSLİK)[80],AYCAN GÖKÇEK,2,Çarşamba,15:00,16:20,64
İNGİLİZCE MÜTERCİM VE TERCÜMANLIK_IMT208,İNGİLİZCE MÜTERCİM VE TERCÜMANLIK,IMT208,ENGLISH SPEAKING II,A257(A257 DERSLİK)[80],ARİF BAKLA,2,Perşembe,14:00,16:20,14
PSİKOLOJİ(İNG)_PSY216,PSİKOLOJİ(İNG),PSY216,INDUSTRIAL AND ORGANIZATIONAL PSYCHOLOGY II,A 247(DUYGU DERSLİĞİ)[60],ÖZLEM ERSAN,2,Pazartesi,09:00,11:50,85
PSİKOLOJİ(İNG)_PSY202,PSİKOLOJİ(İNG),PSY202,SOCIAL PSYCHOLOGY II,AMFİ A 172(AMFİ A 172 )[130],CEMŞAFAK ÇUKUR,2,Pazartesi,15:00,17:50,114
PSİKOLOJİ(İNG)_PSY206,PSİKOLOJİ(İNG),PSY206,COGNITIVE PSYCHOLOGY,AMFİ A 172(AMFİ A 172 )[130],NAZLI ALTIN,2,Salı,13:00,15:20,135
PSİKOLOJİ(İNG)_PSY204,PSİKOLOJİ(İNG),PSY204,DEVELOPMENTAL PSYCHOLOGY II,AMFİ A 172(AMFİ A 172 )[130],NUR ELİBOL PEKASLAN,2,Çarşamba,13:00,15:20,106
PSİKOLOJİ(İNG)_PSY220,PSİKOLOJİ(İNG),PSY220,PHYSIOLOGICAL PSYCHOLOGY,A 169(KÜLTÜR DERSLİĞİ)[70],FUNDA SALMAN,2,Perşembe,10:00,12:50,50
SİY. BİL. VE KAMU YÖN._PSPA208,SİY. BİL. VE KAMU YÖN.,PSPA208,POLITICAL SOCIOLOGY,B378-D6(DERSLİK6)[70],MUHTEREM MERVE ALTINTAŞ,2,Pazartesi,09:00,11:50,39
SİY. BİL. VE KAMU YÖN._PSPA210,SİY. BİL. VE KAMU YÖN.,PSPA210,PUBLIC ADMINISTRATION IN TURKIYE,B376-D5(DERSLİK5)[70],SÜHA OĞUZ ALBAYRAK,2,Pazartesi,14:00,16:20,37
SİY. BİL. VE KAMU YÖN._INRE206,SİY. BİL. VE KAMU YÖN.,INRE206,THEORIES OF INTERNATIONAL RELATIONS,B379-D7(DERSLİK7)[70],MD NAZMUL ISLAM,2,Çarşamba,09:00,11:50,51
SİY. BİL. VE KAMU YÖN._PSPA214,SİY. BİL. VE KAMU YÖN.,PSPA214,RESEARCH IN POLITICS,B374-D4(DERSLİK4)[70],MD NAZMUL ISLAM,2,Perşembe,09:00,11:50,34
SOSYOLOJİ_FEL252,SOSYOLOJİ,FEL252,KLASİK MANTIK II,A 280(SABRİ ÜLGENER DERSLİĞİ)[70],HALİL İMAMOĞLUGİL,2,Pazartesi,15:00,16:20,26
SOSYOLOJİ_SOS216,SOSYOLOJİ,SOS216,TÜRKİYE'DE SOSYOLOJİ VE TARİHİ,A 280(SABRİ ÜLGENER DERSLİĞİ)[70],MUSA ÖZTÜRK,2,Salı,10:00,12:50,83
SOSYOLOJİ_SOS210,SOSYOLOJİ,SOS210,ÇALIŞMA VE ENDÜSTRİ SOSYOLOJİSİ,A 255(KEMAL KARPAT DERSLİĞİ)[60],Öğr.Gör. MURAT ÖZTÜRK,2,Salı,13:00,15:20,41
SOSYOLOJİ_SOS212,SOSYOLOJİ,SOS212,AFET SOSYOLOJİSİ,A 280(SABRİ ÜLGENER DERSLİĞİ)[70],FEYZA KORKMAZ SAĞLAM,2,Çarşamba,10:00,12:50,35
SOSYOLOJİ_FEL242,SOSYOLOJİ,FEL242,FELSEFE TARİHİ II,A 225(EROL GÜNGÖR DERSLİĞİ)[60],ITIR GÜNEŞ,2,Perşembe,13:00,15:20,49
İKTİSAT_ECON322,İKTİSAT,ECON322,ECONOMICS OF PRIVATIZATION AND LIBERALIZATION,B338-D1(DERSLİK1)[121],Arş.Gör.MERT AKYÜZ,3,Pazartesi,09:00,11:50,28
İKTİSAT_ECON304,İKTİSAT,ECON304,FISCAL POLICY AND PUBLIC FINANCE,B374-D4(DERSLİK4)[70],ELİF GÜL KÖSE,3,Salı,09:00,11:50,38
İKTİSAT_ECON306,İKTİSAT,ECON306,INTERNATIONAL ECONOMICS II,B378-D6(DERSLİK6)[70],SELEN ÖZÇELİK,3,Çarşamba,09:00,11:50,41
İKTİSAT_ECON302,İKTİSAT,ECON302,ECONOMETRICS II,B378-D6(DERSLİK6)[70],SIDIKA BAŞÇI,3,Çarşamba,13:00,15:20,44
İKTİSAT_ECON372,İKTİSAT,ECON372,WELFARE ECONOMICS AND SOCIAL POLICY,B373-D3(DERSLİK3)[70],NERGİS DAMA,3,Perşembe,09:00,11:50,24
İKTİSAT_ECON320,İKTİSAT,ECON320,FINANCIAL MARKETS AND INSTITUTIONS,B379-D7(DERSLİK7)[70],MEHMET FATİH ÖZTEK,3,Perşembe,14:00,16:20,7
BİLGİ VE BELGE YÖNET._BBY312,BİLGİ VE BELGE YÖNET.,BBY312,OSMANLI KURUMLARI,AMFİ 179(AMFİ 179)[120],SIDDIK ÇALIK,3,Pazartesi,14:00,16:20,28
BİLGİ VE BELGE YÖNET._İNG302,BİLGİ VE BELGE YÖNET.,İNG302,İNGİLİZCE VI,A 173(Prof. Dr. OSMAN ERSOY)[70],DEMET SOYLU,3,Salı,09:00,10:50,35
BİLGİ VE BELGE YÖNET._BBY302,BİLGİ VE BELGE YÖNET.,BBY302,BİLGİ KAYNAKLARININ TANIMLANMASI VE ERİŞİMİ II,A 175(Prof. Dr. ADNAN ÖTÜKEN)[70],MUSTAFA BAYTER,3,Salı,14:00,16:20,55
BİLGİ VE BELGE YÖNET._BBY308,BİLGİ VE BELGE YÖNET.,BBY308,HALKLA İLŞKİLER,A 175(Prof. Dr. ADNAN ÖTÜKEN)[70],ERDİNÇ ALACA,3,Çarşamba,09:00,11:50,53
BİLGİ VE BELGE YÖNET._BBY314,BİLGİ VE BELGE YÖNET.,BBY314,BİLİMSEL İLETİŞİM,A 175(Prof. Dr. ADNAN ÖTÜKEN)[70],MÜGE AKBULUT,3,Çarşamba,13:00,15:20,56
BİLGİ VE BELGE YÖNET._BBY306,BİLGİ VE BELGE YÖNET.,BBY306,TEMEL VE UYGULAMALI BİLİMLERDE BİLGİYE ERİŞİM,A 173(Prof. Dr. OSMAN ERSOY)[70],Arş.Gör.GÖNÜL EMİRBİLEK,3,Perşembe,09:00,11:50,59
GÖRSEL İLETİŞİM TASARIMI_GTS314,GÖRSEL İLETİŞİM TASARIMI,GTS314,DENEYSEL TİPOGRAFİ,L-110(BİLGİSAYAR LABORATUVARI)[30],CENGİZ ŞAHİN,3,Çarşamba,09:00,10:50,43
GÖRSEL İLETİŞİM TASARIMI_GTS318,GÖRSEL İLETİŞİM TASARIMI,GTS318,SANAT ETKİNLİKLERİ İZLEME,L-115(DERSLİK I)[70],GÜVEN MERAL,3,Çarşamba,12:00,13:50,44
GÖRSEL İLETİŞİM TASARIMI_GTS302,GÖRSEL İLETİŞİM TASARIMI,GTS302,TASARIM ATÖLYE IV,L-104(BİLGİSAYAR LABORATUVARI II)[60],Öğr.Gör. İSMAİL FURKAN YAVUZ,3,Çarşamba,14:00,16:20,47
GÖRSEL İLETİŞİM TASARIMI_GTS304,GÖRSEL İLETİŞİM TASARIMI,GTS304,ÜÇ BOYUTLU MODELLEME II,L-104(BİLGİSAYAR LABORATUVARI II)[60],GÜVEN MERAL,3,Perşembe,10:00,16:20,27
GÖRSEL İLETİŞİM TASARIMI_GTS306,GÖRSEL İLETİŞİM TASARIMI,GTS306,KURGU TEKNİKLERİ,L-110(BİLGİSAYAR LABORATUVARI)[30],Öğr.Gör. İSMAİL FURKAN YAVUZ,3,Perşembe,10:00,16:20,23
MALİYE_PUBF338,MALİYE,PUBF338,COMMERCIAL LAW,B374-D4(DERSLİK4)[70],ESRA ÖZEN,3,Pazartesi,14:00,16:20,8
MALİYE_PUBF342,MALİYE,PUBF342,FINANCIAL STATEMENT ANALYSIS,B381-D11(DERSLİK11)[48],Arş.Gör.SAVAŞ KAPTAN,3,Salı,09:00,11:50,33
MALİYE_PUBF336,MALİYE,PUBF336,PUBLIC FINANCE IN MODERN ECONOMIC APPROACHES,B379-D7(DERSLİK7)[70],Arş.Gör.ÜMİT ACAR,3,Salı,14:00,16:20,34
MALİYE_PUBF304,MALİYE,PUBF304,PUBLIC ECONOMICS II,B374-D4(DERSLİK4)[70],RECEP YORULMAZ,3,Çarşamba,09:00,11:50,32
MALİYE_PUBF352,MALİYE,PUBF352,LOCAL GOVERNMENT FINANCE,B373-D3(DERSLİK3)[70],AHMET KAZAN,3,Çarşamba,13:00,15:20,37
MİMARLIK(İNG)_ARCHE325,MİMARLIK(İNG),ARCHE325,ERGONOMICS,L-302(ATÖLYE I)[65],İLKAY DİNÇ UYAROĞLU,3,Pazartesi,14:00,16:20,28
MİMARLIK(İNG)_ARCH324,MİMARLIK(İNG),ARCH324,REPUBLICAN ERA TURKISH ARCHITECTURE,L-303(DERSLİK)[120],CEMİLE FEYZAN ŞİMŞEK,3,Salı,10:00,11:50,134
MİMARLIK(İNG)_ARCHE304,MİMARLIK(İNG),ARCHE304,ISLAMIC ARCHITECTURAL ORNAMENTS,L-302(ATÖLYE I)[65],CEMİLE FEYZAN ŞİMŞEK,3,Salı,13:00,15:20,42
MİMARLIK(İNG)_ARCH316,MİMARLIK(İNG),ARCH316,STRUCTURAL AND PHYSICAL SYSTEMS DESIGN AND ANALYSIS,L215(ATÖLYE V)[80],SALAH HAJISMAIL,3,Çarşamba,08:00,12:50,77
MİMARLIK(İNG)_ARCHE303,MİMARLIK(İNG),ARCHE303,INTERNATIONAL ARCHITECTURAL WORKSHOPS,L-302(ATÖLYE I)[65],SALAH HAJISMAIL,3,Perşembe,10:00,13:50,20
MİMARLIK(İNG)_ARCHE332,MİMARLIK(İNG),ARCHE332,LANDSPACE ARCHITECTURE,L-303(DERSLİK)[120],KÜBRA YILDIRIM ÖZCAN,3,Perşembe,12:00,14:50,66
MİMARLIK(İNG)_ARCHE322,MİMARLIK(İNG),ARCHE322,HISTORICAL TURKISH CITIES,L-303(DERSLİK)[120],KÜBRA YILDIRIM ÖZCAN,3,Perşembe,15:00,17:50,73
İNGİLİZCE MÜTERCİM VE TERCÜMANLIK_IMT302,İNGİLİZCE MÜTERCİM VE TERCÜMANLIK,IMT302,CONSECUTIVE INTERPRETING II,AZ 40(Prof. Dr. NİHAD MAZLUM ÇETİN DERSLİĞİ)[40],FEYZA AKGÜN,3,Pazartesi,09:00,13:50,66
İNGİLİZCE MÜTERCİM VE TERCÜMANLIK_IMT312,İNGİLİZCE MÜTERCİM VE TERCÜMANLIK,IMT312,MEDICAL TRANSLATION,AZ 40(Prof. Dr. NİHAD MAZLUM ÇETİN DERSLİĞİ)[40],FEYZA AKGÜN,3,Pazartesi,14:00,15:20,50
İNGİLİZCE MÜTERCİM VE TERCÜMANLIK_IMT308,İNGİLİZCE MÜTERCİM VE TERCÜMANLIK,IMT308,TECHNICAL TRANSLATION,A 249(DERSLİK A 249)[68],AYCAN GÖKÇEK,3,Salı,13:00,16:20,58
İNGİLİZCE MÜTERCİM VE TERCÜMANLIK_IMT306,İNGİLİZCE MÜTERCİM VE TERCÜMANLIK,IMT306,TRANSLATION AND INTERPRETING PRACTICE (INTERNSHIP),A 376(DİL LABORATUVARI)[32],BURCU TÜRKMEN,3,Çarşamba,08:00,11:50,27
İNGİLİZCE MÜTERCİM VE TERCÜMANLIK_IMT320,İNGİLİZCE MÜTERCİM VE TERCÜMANLIK,IMT320,COMPARATIVE MYTHOLOGY,AZ 40(Prof. Dr. NİHAD MAZLUM ÇETİN DERSLİĞİ)[40],ŞEMSETTİN TABUR,3,Çarşamba,10:00,11:50,60
İNGİLİZCE MÜTERCİM VE TERCÜMANLIK_IMT304,İNGİLİZCE MÜTERCİM VE TERCÜMANLIK,IMT304,SIMULTANEOUS INTERPRETING II,A 376(DİL LABORATUVARI)[32],BURCU TÜRKMEN,3,Çarşamba,13:00,16:20,29
PSİKOLOJİ(İNG)_PSY310,PSİKOLOJİ(İNG),PSY310,QUALITATIVE METHODS AND ANALYSIS,A 162(BENLİK DERSLİĞİ)[80],GÜLDEN SAYILAN,3,Pazartesi,09:00,11:50,29
PSİKOLOJİ(İNG)_PSY312,PSİKOLOJİ(İNG),PSY312,POLITICAL PSYCHOLOGY,A 247(DUYGU DERSLİĞİ)[60],ÖZLEM ERSAN,3,Pazartesi,13:00,15:20,103
PSİKOLOJİ(İNG)_PSY306,PSİKOLOJİ(İNG),PSY306,ETHICAL PRINCIPLES IN PSYCHOLOGY,A 247(DUYGU DERSLİĞİ)[60],ELİF EMİR ÖKSÜZ,3,Salı,09:00,11:50,91
PSİKOLOJİ(İNG)_SOS350,PSİKOLOJİ(İNG),SOS350,GENDER AND WOMAN,A 169(KÜLTÜR DERSLİĞİ)[70],GÜLER CANSU AĞÖREN,3,Salı,13:00,15:20,40
PSİKOLOJİ(İNG)_PSY314,PSİKOLOJİ(İNG),PSY314,FORENSIC PSYCHOLOGY,AMFİ A 172(AMFİ A 172 )[130],NAZLI ALTIN,3,Çarşamba,09:00,11:50,46
PSİKOLOJİ(İNG)_PSY302,PSİKOLOJİ(İNG),PSY302,PERSONALITY THEORIES II,A 247(DUYGU DERSLİĞİ)[60],ELİF EMİR ÖKSÜZ,3,Çarşamba,13:00,17:50,85
PSİKOLOJİ(İNG)_PSY304,PSİKOLOJİ(İNG),PSY304,PSYCHOPATHOLOGY II,AMFİ A 172(AMFİ A 172 )[130],ÖZDEN YALÇINKAYA ALKAR,3,Perşembe,13:00,15:20,104
SİY. BİL. VE KAMU YÖN._PSPA322,SİY. BİL. VE KAMU YÖN.,PSPA322,SOCIETY AND POLITICS OF THE CAUCASUS AND CENTRAL,B381-D11(DERSLİK11)[48],SEYİT ALİ AVCU,3,Pazartesi,09:00,11:50,22
SİY. BİL. VE KAMU YÖN._PSPA354,SİY. BİL. VE KAMU YÖN.,PSPA354,MODELS OF DEMOCRACY,B373-D3(DERSLİK3)[70],YILMAZ BİNGÖL,3,Pazartesi,14:00,16:20,26
SİY. BİL. VE KAMU YÖN._PSPA304,SİY. BİL. VE KAMU YÖN.,PSPA304,ADMINISTRATIVE ADJUDICATION,B376-D5(DERSLİK5)[70],Arş.Gör.GENCER KARABEKİR KARAGENÇ,3,Salı,09:00,11:50,40
SİY. BİL. VE KAMU YÖN._PSPA326,SİY. BİL. VE KAMU YÖN.,PSPA326,CONTEMPORARY POLITICAL THEORY,B338-D1(DERSLİK1)[121],MÜMİN KÖKTAŞ,3,Salı,14:00,16:20,25
SİY. BİL. VE KAMU YÖN._PSPA306,SİY. BİL. VE KAMU YÖN.,PSPA306,LOCAL GOVERNMENTS,B373-D3(DERSLİK3)[70],Arş.Gör.HAMİ DORUK KÖSE,3,Çarşamba,09:00,11:50,41
SİY. BİL. VE KAMU YÖN._PSPA356,SİY. BİL. VE KAMU YÖN.,PSPA356,IMMIGRATION: POLITICS AND POLICY,B381-D11(DERSLİK11)[48],SELCEN ÖZKAN,3,Çarşamba,13:00,15:20,22
SOSYOLOJİ_SOS308,SOSYOLOJİ,SOS308,SOSYAL POLİTİKA VE UYGULAMALARI,A 225(EROL GÜNGÖR DERSLİĞİ)[60],Arş.Gör.ÜLKÜ İSTİKLAL ORTAKAYA,3,Pazartesi,10:00,12:50,42
SOSYOLOJİ_FEL352,SOSYOLOJİ,FEL352,MODERN MANTIK II,A 280(SABRİ ÜLGENER DERSLİĞİ)[70],HALİL İMAMOĞLUGİL,3,Pazartesi,13:00,14:50,26
SOSYOLOJİ_SOS314,SOSYOLOJİ,SOS314,SUÇ SOSYOLOJİSİ,A 225(EROL GÜNGÖR DERSLİĞİ)[60],HALİME ÜNAL REŞİTOĞLU,3,Salı,14:00,16:20,24
SOSYOLOJİ_SOS302,SOSYOLOJİ,SOS302,İSTATİSTİKSEL VERİ ANALİZ UYGULAMALARI,BİLG LAB(BİLGİSAYAR LABORATUVARI)[60],Öğr.Gör. MURAT ÖZTÜRK,3,Çarşamba,10:00,12:50,55
SOSYOLOJİ_SOS312,SOSYOLOJİ,SOS312,SAĞLIK VE HASTALIK SOSYOLOJİSİ,A 255(KEMAL KARPAT DERSLİĞİ)[60],DENİZ BİLGE ÜLKER,3,Çarşamba,14:00,16:20,39
TÜRK DİLİ VE EDEBİYATI_TDE304,TÜRK DİLİ VE EDEBİYATI,TDE304,TASAVVUFİ TÜRK HALK EDEBİYATI,A 369 (AHMET HAMDİ TANPINAR DERSLİĞi)[80],LATİFE ÖZCAN,3,Pazartesi,09:00,11:50,73
TÜRK DİLİ VE EDEBİYATI_TDE328,TÜRK DİLİ VE EDEBİYATI,TDE328,TÜRK DÜNYASI HALK EDEBİYATI,A 369 (AHMET HAMDİ TANPINAR DERSLİĞi)[80],LATİFE ÖZCAN,3,Pazartesi,12:00,13:50,23
TÜRK DİLİ VE EDEBİYATI_TDE352,TÜRK DİLİ VE EDEBİYATI,TDE352,KUTADGU BİLİG OKUMALARI,A 379(KÂŞGARLI MAHMUT DERSLİĞİ)[120],AKARTÜRK KARAHAN,3,Pazartesi,12:00,13:50,27
TÜRK DİLİ VE EDEBİYATI_TDE308,TÜRK DİLİ VE EDEBİYATI,TDE308,TÜRKİYE TÜRKÇESİ SÖZ DİZİMİ,A 369 (AHMET HAMDİ TANPINAR DERSLİĞi)[80],HÜLYA GÖKÇE,3,Pazartesi,14:00,16:20,72
TÜRK DİLİ VE EDEBİYATI_TDE310,TÜRK DİLİ VE EDEBİYATI,TDE310,ESKİ TÜRK EDEBİYATI IV,A 369 (AHMET HAMDİ TANPINAR DERSLİĞi)[80],MUSTAFA ERDOĞAN,3,Salı,09:00,11:50,89
TÜRK DİLİ VE EDEBİYATI_TDE346,TÜRK DİLİ VE EDEBİYATI,TDE346,ŞUARA TEZKİRELERİ II,A 369 (AHMET HAMDİ TANPINAR DERSLİĞi)[80],MUSTAFA ERDOĞAN,3,Salı,13:00,14:50,9
TÜRK DİLİ VE EDEBİYATI_TDE348,TÜRK DİLİ VE EDEBİYATI,TDE348,DİL AİLESİ TEORİLERİ,A 369 (AHMET HAMDİ TANPINAR DERSLİĞi)[80],YAŞAR TOKAY,3,Çarşamba,10:00,11:50,21
TÜRK DİLİ VE EDEBİYATI_TDE302,TÜRK DİLİ VE EDEBİYATI,TDE302,ESKİ ANADOLU TÜRKÇESİ,A 369 (AHMET HAMDİ TANPINAR DERSLİĞi)[80],FUNDA TOPRAK,3,Perşembe,08:00,10:50,81
TÜRK DİLİ VE EDEBİYATI_TDE338,TÜRK DİLİ VE EDEBİYATI,TDE338,CUMHURİYET DÖNEMİ TÜRK EDEBİYATI - GİRİŞ,A 369 (AHMET HAMDİ TANPINAR DERSLİĞi)[80],ZEYNEP TEK,3,Perşembe,14:00,16:20,62
İKTİSAT_ECON450,İKTİSAT,ECON450,FINANCIAL ECONOMICS,B373-D3(DERSLİK3)[70],ÖNDER ÖZGÜR,4,Pazartesi,09:00,11:50,25
İKTİSAT_ECON406,İKTİSAT,ECON406,ECONOMIC GROWTH AND DEVELOPMENT,B380-D8(DERSLİK8)[48],Arş.Gör.MERT AKYÜZ,4,Pazartesi,14:00,16:20,38
İKTİSAT_ECON458,İKTİSAT,ECON458,ECONOMICS OF INCOME DISTRIBUTION,B372-D2(DERSLİK2)[121],ÜSAME FURKAN YÜKSEL,4,Salı,09:00,11:50,24
İKTİSAT_ECON440,İKTİSAT,ECON440,ENVIRONMENTAL ECONOMICS,B380-D8(DERSLİK8)[48],ELİF GÜL KÖSE,4,Çarşamba,09:00,11:50,18
İKTİSAT_ECON452,İKTİSAT,ECON452,POLITICAL ECONOMICS,B353(Toplantı Odası)[20],ERDAL TANAS KARAGÖL,4,Çarşamba,09:00,11:50,15
İKTİSAT_ECON454,İKTİSAT,ECON454,INTERNATIONAL MONEY AND FINANCE,B380-D8(DERSLİK8)[48],Arş.Gör.AYŞE NUR ŞAHİNLER,4,Çarşamba,13:00,15:20,18
İKTİSAT_ECON432,İKTİSAT,ECON432,WORLD ECONOMY,B378-D6(DERSLİK6)[70],Arş.Gör.MERT AKYÜZ,4,Perşembe,14:00,16:20,28
ARAPÇA MÜTERCİM VE TERCÜMANLIK_MTA414,ARAPÇA MÜTERCİM VE TERCÜMANLIK,MTA414,ARAPÇANIN LEHÇELERİ II,A 164(DERSLİK A 164)[80],HANA HUSSEIN ABOARGOB,4,Pazartesi,09:00,10:50,77
ARAPÇA MÜTERCİM VE TERCÜMANLIK_MTA434,ARAPÇA MÜTERCİM VE TERCÜMANLIK,MTA434,ÇEVİRİ ÇALIŞMALARI II,A 164(DERSLİK A 164)[80],ABDULLAH BALLI,4,Pazartesi,12:00,13:50,49
ARAPÇA MÜTERCİM VE TERCÜMANLIK_MTA407,ARAPÇA MÜTERCİM VE TERCÜMANLIK,MTA407,ARAPÇANIN TEMEL KAYNAKLARI,A 164(DERSLİK A 164)[80],KAMİL KARASU,4,Pazartesi,14:00,15:20,50
ARAPÇA MÜTERCİM VE TERCÜMANLIK_MTA409,ARAPÇA MÜTERCİM VE TERCÜMANLIK,MTA409,TEST ÇÖZME TEKNİKLERİ,A 163(DERSLİK A 163)[70],KAMİL KARASU,4,Salı,14:00,15:20,49
BİLGİ VE BELGE YÖNET._BBY402,BİLGİ VE BELGE YÖNET.,BBY402,KONU BAŞLIKLARI,A 173(Prof. Dr. OSMAN ERSOY)[70],MUSTAFA BAYTER,4,Pazartesi,09:00,11:50,46
BİLGİ VE BELGE YÖNET._BBY412,BİLGİ VE BELGE YÖNET.,BBY412,BİLGİ MERKEZİ MİMARİSİ,A 175(Prof. Dr. ADNAN ÖTÜKEN)[70],DEMET SOYLU,4,Pazartesi,13:00,15:20,43
BİLGİ VE BELGE YÖNET._BBY405,BİLGİ VE BELGE YÖNET.,BBY405,DİJİTAL PLATFORMDA BİLGİ ANALİZİ,A 175(Prof. Dr. ADNAN ÖTÜKEN)[70],GÜLER CANSU AĞÖREN,4,Salı,10:00,12:50,23
BİLGİ VE BELGE YÖNET._BBY410,BİLGİ VE BELGE YÖNET.,BBY410,DİZİNLEME TEKNİKLERİ,A 175(Prof. Dr. ADNAN ÖTÜKEN)[70],MÜGE AKBULUT,4,Salı,13:00,15:20,46
BİLGİ VE BELGE YÖNET._BBY414,BİLGİ VE BELGE YÖNET.,BBY414,MÜZELERDE BİLGİ YÖNETİMİ,AMFİ 179(AMFİ 179)[120],EDİNE FİKRET SÜLEYMANOĞLU,4,Çarşamba,09:00,11:50,37
BİLGİ VE BELGE YÖNET._BBY408,BİLGİ VE BELGE YÖNET.,BBY408,BİLGİ MERKEZİ KURMA VE GELİŞTİRME,AMFİ 179(AMFİ 179)[120],ERDİNÇ ALACA,4,Çarşamba,13:00,15:20,45
BİLGİ VE BELGE YÖNET._BBY406,BİLGİ VE BELGE YÖNET.,BBY406,WEB TASARIMI,A 175(Prof. Dr. ADNAN ÖTÜKEN)[70],MÜGE AKBULUT,4,Perşembe,09:00,11:50,43
BİLGİ VE BELGE YÖNET._BBY404,BİLGİ VE BELGE YÖNET.,BBY404,BİLGİ POLİTİKASI,A 173(Prof. Dr. OSMAN ERSOY)[70],GÜLER CANSU AĞÖREN,4,Perşembe,13:00,15:20,42
GÖRSEL İLETİŞİM TASARIMI_GTS413,GÖRSEL İLETİŞİM TASARIMI,GTS413,ÇİZGİ FİLM TASARIMI,15 TEMMUZ AB221(AB221)[15],FATOŞ ÇAKICIOĞLU İLHAN,4,Pazartesi,09:00,11:50,27
GÖRSEL İLETİŞİM TASARIMI_GTS405,GÖRSEL İLETİŞİM TASARIMI,GTS405,ANİMASYON,15 TEMMUZ AB221(AB221)[15],FATOŞ ÇAKICIOĞLU İLHAN,4,Pazartesi,12:00,14:50,28
GÖRSEL İLETİŞİM TASARIMI_GTS419,GÖRSEL İLETİŞİM TASARIMI,GTS419,YENİ MEDYA,15 TEMMUZ AB221(AB221)[15],FATOŞ ÇAKICIOĞLU İLHAN,4,Pazartesi,15:00,16:20,33
GÖRSEL İLETİŞİM TASARIMI_GTS400,GÖRSEL İLETİŞİM TASARIMI,GTS400,İŞYERİ EĞİTİMİ,L-113(TEMEL TASARIM ATÖLYE )[30],FATOŞ ÇAKICIOĞLU İLHAN,4,Salı,09:00,16:20,7
MALİYE_PUBF446,MALİYE,PUBF446,FISCAL POLICY II,B376-D5(DERSLİK5)[70],MEHMET ÇANAKCI,4,Pazartesi,09:00,11:50,29
MALİYE_PUBF442,MALİYE,PUBF442,GOVERNMENT DEBTS,B377-D12(DERSLİK12)[84],TEKİN AKDEMİR,4,Pazartesi,14:00,16:20,33
MALİYE_PUBF430,MALİYE,PUBF430,GLOBALISATION AND TAXATION,B377-D12(DERSLİK12)[84],MUSTAFA CEMİL KARA,4,Salı,09:00,11:50,10
MALİYE_PUBF428,MALİYE,PUBF428,COST ACCOUNTING,B381-D11(DERSLİK11)[48],KÜRŞAD ÇAVUŞOĞLU,4,Çarşamba,09:00,11:50,11
MALİYE_PUBF410,MALİYE,PUBF410,FISCAL AUDITING,B375-D13(DERSLİK13)[84],HAKAN ÖZDEMİR,4,Çarşamba,13:00,15:20,23
MİMARLIK(İNG)_ARCH422,MİMARLIK(İNG),ARCH422,ARCHITECTURAL PROFESSIONAL PRACTICE,L-303(DERSLİK)[120],EKREM BAHADIR ÇALIŞKAN,4,Pazartesi,09:00,11:50,92
MİMARLIK(İNG)_ARCHE421,MİMARLIK(İNG),ARCHE421,DETERIORATION PROBLEMS OF MASONRY STRUCTURES,L-301(MAKET ATÖLYESİ)[65],FİLİZ KARAKUŞ,4,Pazartesi,13:00,15:20,44
MİMARLIK(İNG)_ARCHE424,MİMARLIK(İNG),ARCHE424,HOLISTIC DESIGN AND SUSTAINABILITY,L-301(MAKET ATÖLYESİ)[65],HATİCE KALFAOĞLU HATİPOĞLU,4,Salı,13:00,15:20,72
MİMARLIK(İNG)_ARCHE426,MİMARLIK(İNG),ARCHE426,FICTIONAL SPACES AND ARTIFICIAL INTELLIGENCE IN ARCHITECTURE AND THE CITY,L-302(ATÖLYE I)[65],CEMİLE FEYZAN ŞİMŞEK,4,Çarşamba,09:00,11:50,27
MİMARLIK(İNG)_ENGR402,MİMARLIK(İNG),ENGR402,PRINCIPLES OF OCCUPATIONAL HEALTH AND SAFETY II,L216(ATÖLYE VI)[80],Öğr.Gör. MEHMET ÇOBANOĞLU,4,Çarşamba,13:00,14:50,65
İNGİLİZCE MÜTERCİM VE TERCÜMANLIK_IMT402,İNGİLİZCE MÜTERCİM VE TERCÜMANLIK,IMT402,CONFERENCE INTERPRETING II,A 376(DİL LABORATUVARI)[32],KÜBRA ÇELİK,4,Salı,09:00,11:50,37
İNGİLİZCE MÜTERCİM VE TERCÜMANLIK_IMT414,İNGİLİZCE MÜTERCİM VE TERCÜMANLIK,IMT414,SPECIAL TOPICS IN TRANSLATION: CHILDRENS LITERATURE,AZ 40(Prof. Dr. NİHAD MAZLUM ÇETİN DERSLİĞİ)[40],ŞEMSETTİN TABUR,4,Salı,13:00,14:50,21
İNGİLİZCE MÜTERCİM VE TERCÜMANLIK_IMT408,İNGİLİZCE MÜTERCİM VE TERCÜMANLIK,IMT408,SCIENTIFIC RESEARCH METHODS,A 249(DERSLİK A 249)[68],ARİF BAKLA,4,Çarşamba,10:00,11:50,38
İNGİLİZCE MÜTERCİM VE TERCÜMANLIK_IMT404,İNGİLİZCE MÜTERCİM VE TERCÜMANLIK,IMT404,DIPLOMATIC TRANSLATION AND INTERPRETING,A 376(DİL LABORATUVARI)[32],BURCU TÜRKMEN,4,Perşembe,09:00,11:50,38
PSİKOLOJİ(İNG)_PSY434,PSİKOLOJİ(İNG),PSY434,APPLIED SOCIAL PSYCHOLOGY,A 162(BENLİK DERSLİĞİ)[80],GÜLDEN SAYILAN,4,Pazartesi,13:00,15:20,20
PSİKOLOJİ(İNG)_PSY418,PSİKOLOJİ(İNG),PSY418,CHILD PSYCHOPATHOLOGY,A 162(BENLİK DERSLİĞİ)[80],HALİME ŞENAY GÜZEL,4,Salı,09:00,11:50,55
PSİKOLOJİ(İNG)_PSY414,PSİKOLOJİ(İNG),PSY414,PSYCHOLOGICAL TESTS II,A 162(BENLİK DERSLİĞİ)[80],HALİME ŞENAY GÜZEL,4,Salı,13:00,15:20,40
PSİKOLOJİ(İNG)_PSY432,PSİKOLOJİ(İNG),PSY432,INDEPENDENT STUDY II,A 261(DEĞERLER DERSLİĞİ)[90],GÜLDEN SAYILAN,4,Salı,13:00,16:20,29
PSİKOLOJİ(İNG)_PSY406,PSİKOLOJİ(İNG),PSY406,PSYCHOTHERAPY THEORIES AND APPLICATIONS II,A 162(BENLİK DERSLİĞİ)[80],ÖZDEN YALÇINKAYA ALKAR,4,Perşembe,09:00,11:50,26
PSİKOLOJİ(İNG)_PSY426,PSİKOLOJİ(İNG),PSY426,NEUROPSYCHOLOGICAL TESTS,A 162(BENLİK DERSLİĞİ)[80],FUNDA SALMAN,4,Perşembe,14:00,15:20,40
SİY. BİL. VE KAMU YÖN._PSPA478,SİY. BİL. VE KAMU YÖN.,PSPA478,POLITICAL ECONOMY IN TURKIYE,B379-D7(DERSLİK7)[70],ÖYKÜ ŞAFAK ÇUBUKÇU,4,Pazartesi,09:00,11:50,17
SİY. BİL. VE KAMU YÖN._PSPA404,SİY. BİL. VE KAMU YÖN.,PSPA404,ISLAMIC TURKISH THOUGHT,B365(SEMİNER SALONU)[20],Arş.Gör.MELİKE GÜNGÖR,4,Pazartesi,14:00,16:20,20
SİY. BİL. VE KAMU YÖN._PSPA408,SİY. BİL. VE KAMU YÖN.,PSPA408,CONTEMPORARY ENVIRONMENTAL PROBLEMS,B378-D6(DERSLİK6)[70],SELCEN ÖZKAN,4,Salı,14:00,16:20,17
SİY. BİL. VE KAMU YÖN._PSPA452,SİY. BİL. VE KAMU YÖN.,PSPA452,ASIAN STUDIES,B374-D4(DERSLİK4)[70],MD NAZMUL ISLAM,4,Çarşamba,13:00,15:20,17
SİY. BİL. VE KAMU YÖN._PSPA462,SİY. BİL. VE KAMU YÖN.,PSPA462,THE POLITICS OF ARTIFICIAL INTELLIGENCE,B365(SEMİNER SALONU)[20],Arş.Gör.MURAT KAÇER,4,Çarşamba,13:00,15:20,25
SOSYOLOJİ_SOS402,SOSYOLOJİ,SOS402,BİLGİ KURAMLARI VE SOSYOLOJİSİ,A 255(KEMAL KARPAT DERSLİĞİ)[60],RAMAZAN YELKEN,4,Pazartesi,10:00,12:50,46
SOSYOLOJİ_PSİ426,SOSYOLOJİ,PSİ426,ÖĞRENME PSİKOLOJİSİ,A 255(KEMAL KARPAT DERSLİĞİ)[60],NAZLI ALTIN,4,Pazartesi,14:00,16:20,31
SOSYOLOJİ_SOS408,SOSYOLOJİ,SOS408,DİN SOSYOLOJİSİ,A 255(KEMAL KARPAT DERSLİĞİ)[60],BAHATTİN CİZRELİ,4,Çarşamba,10:00,12:50,50
SOSYOLOJİ_SOS418,SOSYOLOJİ,SOS418,GÜNCEL SORUNLAR VE ANALİZİ,A 280(SABRİ ÜLGENER DERSLİĞİ)[70],YAHYA AYDIN,4,Çarşamba,14:00,16:20,36
TÜRK DİLİ VE EDEBİYATI_TDE438,TÜRK DİLİ VE EDEBİYATI,TDE438,TÜRKİYE TÜRKÇESİ DİL BİLGİSİ İNCELEMELERİ II,A 371(FUZÛLİ DERSLİĞİ)[90],GÜLŞAH KADEM,4,Pazartesi,09:00,10:50,22
TÜRK DİLİ VE EDEBİYATI_TDE404,TÜRK DİLİ VE EDEBİYATI,TDE404,ÇAĞDAŞ TÜRK LEHÇELERİ II,A 371(FUZÛLİ DERSLİĞİ)[90],HÜLYA GÖKÇE,4,Pazartesi,11:00,13:50,59
TÜRK DİLİ VE EDEBİYATI_TDE454,TÜRK DİLİ VE EDEBİYATI,TDE454,TÜRK DÜNYASI DİL VE EDEBİYATINDA CEDİTÇİLİK DÖNEMİ,A 371(FUZÛLİ DERSLİĞİ)[90],AKARTÜRK KARAHAN,4,Salı,13:00,14:50,20
TÜRK DİLİ VE EDEBİYATI_TDE452,TÜRK DİLİ VE EDEBİYATI,TDE452,TARİHÎ METİNLERİN DİL İNCELEMELERİ II,A 371(FUZÛLİ DERSLİĞİ)[90],AKARTÜRK KARAHAN,4,Salı,15:00,16:20,20
TÜRK DİLİ VE EDEBİYATI_TDE416,TÜRK DİLİ VE EDEBİYATI,TDE416,HALKBİLİMİ VE ELEKTRONİK KÜLTÜR,A 371(FUZÛLİ DERSLİĞİ)[90],GÜLSÜM SADIÇ,4,Çarşamba,12:00,13:50,17
TÜRK DİLİ VE EDEBİYATI_TDE410,TÜRK DİLİ VE EDEBİYATI,TDE410,ESKİ TÜRK EDEBİYATI VI,A 371(FUZÛLİ DERSLİĞİ)[90],İSRAFİL BABACAN,4,Çarşamba,14:00,16:20,60
TÜRK DİLİ VE EDEBİYATI_TDE436,TÜRK DİLİ VE EDEBİYATI,TDE436,TÜRKOLOJİ KÜTÜPHANELERİ VE TÜRKÇE EL YAZMALARI,A 371(FUZÛLİ DERSLİĞİ)[90],YAŞAR TOKAY,4,Perşembe,09:00,10:50,21
TÜRK DİLİ VE EDEBİYATI_TDE402,TÜRK DİLİ VE EDEBİYATI,TDE402,ÇAĞATAY TÜRKÇESİ,A 371(FUZÛLİ DERSLİĞİ)[90],FUNDA TOPRAK,4,Perşembe,11:00,13:50,62
TÜRK DİLİ VE EDEBİYATI_TDE408,TÜRK DİLİ VE EDEBİYATI,TDE408,CUMHURİYET DÖNEMİ TÜRK EDEBİYATI II/NESİR,A 371(FUZÛLİ DERSLİĞİ)[90],NURSELİ GAMZE KORKMAZ,4,Perşembe,14:00,16:20,63
FİNANS VE BANKACILIK_ITB102,FİNANS VE BANKACILIK,ITB102,INTRODUCTION TO ECONOMICS II,B201(AMFİ 2)[140],MERVE KARACAER,1,Salı,13:00,15:20,60
FİNANS VE BANKACILIK_BUS104,FİNANS VE BANKACILIK,BUS104,CALCULUS FOR BUSINESS II,B217(SINIF)[121],BELMA ARSLAN,1,Çarşamba,09:00,11:50,29
FİNANS VE BANKACILIK_BUS110,FİNANS VE BANKACILIK,BUS110,SOCIAL PYSCHOLOGY,B217(SINIF)[121],İPEK METE,1,Çarşamba,13:00,15:20,55
FİNANS VE BANKACILIK_BUS112,FİNANS VE BANKACILIK,BUS112,INTRODUCTION TO SOCIOLOGY,B201(AMFİ 2)[140],MURAT ULUBAY,1,Perşembe,09:00,15:20,62
FİNANS VE BANKACILIK_BUS106,FİNANS VE BANKACILIK,BUS106,ACCOUNTING II,B201(AMFİ 2)[140],KÜRŞAD ÇAVUŞOĞLU,1,Cuma,09:00,15:20,65
FİNANS VE BANKACILIK_BUS210,FİNANS VE BANKACILIK,BUS210,INTRODUCTION TO MARKETING,B201(AMFİ 2)[140],MUSTAFA ÜNSALAN,2,Pazartesi,13:00,15:20,52
FİNANS VE BANKACILIK_BF202,FİNANS VE BANKACILIK,BF202,FINANCIAL MANAGEMENT,B237(SINIF)[121],AYHAN KAPUSUZOĞLU,2,Salı,09:00,15:20,91
FİNANS VE BANKACILIK_BUS202,FİNANS VE BANKACILIK,BUS202,STATISTICS FOR BUSINESS II,B202(AMFİ 1)[140],İKLİM GEDİK BALAY,2,Perşembe,09:00,11:50,20
FİNANS VE BANKACILIK_BF204,FİNANS VE BANKACILIK,BF204,INTRODUCTION TO BANKING,B212(SINIF)[96],YÜKSEL AKAY ÜNVAN,2,Perşembe,13:00,15:20,107
FİNANS VE BANKACILIK_BUS204,FİNANS VE BANKACILIK,BUS204,ORGANIZATIONAL BEHAVIOUR,B217(SINIF)[121],HANDE ÖZGEN,2,Cuma,09:00,15:20,64
FİNANS VE BANKACILIK_BF304,FİNANS VE BANKACILIK,BF304,FINANCIAL MARKETS AND INSTITUTIONS,B217(SINIF)[121],NİLDAĞ BAŞAK CEYLAN,3,Salı,13:00,15:20,41
FİNANS VE BANKACILIK_BF308,FİNANS VE BANKACILIK,BF308,INVESTMENT,B237(SINIF)[121],AYHAN KAPUSUZOĞLU,3,Çarşamba,13:00,15:20,52
FİNANS VE BANKACILIK_BF302,FİNANS VE BANKACILIK,BF302,ECONOMETRICS II,B237(SINIF)[121],ERHAN ÇANKAL,3,Perşembe,09:00,11:50,32
FİNANS VE BANKACILIK_BF310,FİNANS VE BANKACILIK,BF310,MULTIVARIATE STATISTICAL ANALYSIS,B210(SINIF)[112],İKLİM GEDİK BALAY,3,Perşembe,13:00,15:20,19
FİNANS VE BANKACILIK_BF424,FİNANS VE BANKACILIK,BF424,MONETARY POLICY AND CENTRAL BANKING,B237(SINIF)[121],ERHAN ÇANKAL,4,Pazartesi,09:00,11:50,37
FİNANS VE BANKACILIK_BF415,FİNANS VE BANKACILIK,BF415,MANAGERIAL ECONOMICS,B237(SINIF)[121],ERHAN ÇANKAL,4,Pazartesi,13:00,15:20,12
FİNANS VE BANKACILIK_BF402,FİNANS VE BANKACILIK,BF402,BANK MANAGEMENT,B217(SINIF)[121],NİLDAĞ BAŞAK CEYLAN,4,Salı,09:00,11:50,31
FİNANS VE BANKACILIK_BF422,FİNANS VE BANKACILIK,BF422,EXPORT FINANCING AND EXIMBANK APPLICATIONS,B220(SINIF)[70],YÜKSEL AKAY ÜNVAN,4,Perşembe,09:00,11:50,142
İŞLETME_ITB102@09:00,İŞLETME,ITB102,INTRODUCTION TO ECONOMICS II,B201(AMFİ 2)[140],MERVE KARACAER,1,Salı,09:00,15:20,77
İŞLETME_BUS104@09:00,İŞLETME,BUS104,CALCULUS FOR BUSINESS II,B217(SINIF)[121],BELMA ARSLAN,1,Çarşamba,09:00,11:50,68
İŞLETME_BUS110@13:00,İŞLETME,BUS110,SOCIAL PYSCHOLOGY,B217(SINIF)[121],İPEK METE,1,Çarşamba,13:00,15:20,65
İŞLETME_BUS112@09:00,İŞLETME,BUS112,INTRODUCTION TO SOCIOLOGY,B201(AMFİ 2)[140],MURAT ULUBAY,1,Perşembe,09:00,15:20,82
İŞLETME_BUS106@09:00,İŞLETME,BUS106,ACCOUNTING II,B201(AMFİ 2)[140],KÜRŞAD ÇAVUŞOĞLU,1,Cuma,09:00,15:20,68
İŞLETME_BUS210@13:00,İŞLETME,BUS210,INTRODUCTION TO MARKETING,B201(AMFİ 2)[140],MUSTAFA ÜNSALAN,2,Pazartesi,13:00,15:20,60
İŞLETME_BUS208,İŞLETME,BUS208,HUMAN RESOURCE MANAGEMENT,B210(SINIF)[112],HASAN ENGİN ŞENER,2,Salı,13:00,15:20,79
İŞLETME_BUS202@09:00,İŞLETME,BUS202,STATISTICS FOR BUSINESS II,B237(SINIF)[121],ALİ İHSAN ÇETİN,2,Çarşamba,09:00,11:50,51
İŞLETME_BF202@09:00,İŞLETME,BF202,FINANCIAL MANAGEMENT,B212(SINIF)[96],BİLGE CANBALOĞLU,2,Perşembe,09:00,15:20,97
İŞLETME_BUS204@09:00,İŞLETME,BUS204,ORGANIZATIONAL BEHAVIOUR,B217(SINIF)[121],HANDE ÖZGEN,2,Cuma,09:00,15:20,111
İŞLETME_BUS322,İŞLETME,BUS322,COMPARATIVE BUSINESS SYSTEMS,B210(SINIF)[112],SEDAT ILGAZ GÜNAY,3,Pazartesi,09:00,11:50,81
İŞLETME_BUS306,İŞLETME,BUS306,PRODUCTION AND SERVICES MANAGEMENT,B209(SINIF)[70],CİHAT ÖZTÜRK,3,Salı,13:00,15:20,50
İŞLETME_BUS324,İŞLETME,BUS324,CROSS-CULTURAL MANAGEMENT,B210(SINIF)[112],HAROON MUZAFFAR,3,Çarşamba,09:00,11:50,81
İŞLETME_BUS318,İŞLETME,BUS318,SUSTAINABILITY AND BUSINESS,B210(SINIF)[112],SEMİH CEYHAN,3,Çarşamba,13:00,15:20,87
İŞLETME_BUS326,İŞLETME,BUS326,RESEARCH METHODS,B211(SINIF)[70],İSMAİL ÇAĞRI DOĞAN,3,Perşembe,09:00,11:50,40
İŞLETME_BUS308,İŞLETME,BUS308,COST ACCOUNTING,B217(SINIF)[121],KÜRŞAD ÇAVUŞOĞLU,3,Perşembe,13:00,15:20,61
İŞLETME_BUS410,İŞLETME,BUS410,ORGANIZATION THEORY,B211(SINIF)[70],KERİM ÖZCAN,4,Pazartesi,09:00,11:50,58
İŞLETME_BUS428,İŞLETME,BUS428,SPECIAL TOPICS IN ORGANIZATIONS,B205(SINIF)[70],SEDAT ILGAZ GÜNAY,4,Pazartesi,13:00,15:20,69
İŞLETME_BUS414,İŞLETME,BUS414,DECISION MAKING TECHNIQUES,B211(SINIF)[70],SAFA ARSLAN,4,Çarşamba,09:00,11:50,30
İŞLETME_BUS412,İŞLETME,BUS412,IMPACT EVALUTION METHOD,B211(SINIF)[70],SAFA ARSLAN,4,Çarşamba,13:00,15:20,34
İŞLETME_BUS438,İŞLETME,BUS438,PERFORMANCE AND COMPENSATION MANAGEMENT,B237(SINIF)[121],İPEK METE,4,Perşembe,13:00,15:20,35
ULUSLARARASI TİCARET VE İŞLETMECİLİK_ITB102@09:00,ULUSLARARASI TİCARET VE İŞLETMECİLİK,ITB102,INTRODUCTION TO ECONOMICS II,B201(AMFİ 2)[140],MERVE KARACAER,1,Salı,09:00,15:20,82
ULUSLARARASI TİCARET VE İŞLETMECİLİK_BUS110@09:00,ULUSLARARASI TİCARET VE İŞLETMECİLİK,BUS110,SOCIAL PYSCHOLOGY,B220(SINIF)[70],İPEK METE,1,Çarşamba,09:00,15:20,81
ULUSLARARASI TİCARET VE İŞLETMECİLİK_BUS104@09:00,ULUSLARARASI TİCARET VE İŞLETMECİLİK,BUS104,CALCULUS FOR BUSINESS II,B217(SINIF)[121],BELMA ARSLAN,1,Perşembe,09:00,11:50,39
ULUSLARARASI TİCARET VE İŞLETMECİLİK_BUS112@13:00,ULUSLARARASI TİCARET VE İŞLETMECİLİK,BUS112,INTRODUCTION TO SOCIOLOGY,B201(AMFİ 2)[140],MURAT ULUBAY,1,Perşembe,13:00,15:20,89
ULUSLARARASI TİCARET VE İŞLETMECİLİK_BUS106@13:00,ULUSLARARASI TİCARET VE İŞLETMECİLİK,BUS106,ACCOUNTING II,B201(AMFİ 2)[140],KÜRŞAD ÇAVUŞOĞLU,1,Cuma,13:00,15:20,71
ULUSLARARASI TİCARET VE İŞLETMECİLİK_BUS210@09:00,ULUSLARARASI TİCARET VE İŞLETMECİLİK,BUS210,INTRODUCTION TO MARKETING,B201(AMFİ 2)[140],MUSTAFA ÜNSALAN,2,Pazartesi,09:00,15:20,67
ULUSLARARASI TİCARET VE İŞLETMECİLİK_BF202@13:00,ULUSLARARASI TİCARET VE İŞLETMECİLİK,BF202,FINANCIAL MANAGEMENT,B237(SINIF)[121],AYHAN KAPUSUZOĞLU,2,Salı,13:00,15:20,84
ULUSLARARASI TİCARET VE İŞLETMECİLİK_BUS202@09:00,ULUSLARARASI TİCARET VE İŞLETMECİLİK,BUS202,STATISTICS FOR BUSINESS II,B237(SINIF)[121],ALİ İHSAN ÇETİN,2,Çarşamba,09:00,11:50,50
ULUSLARARASI TİCARET VE İŞLETMECİLİK_BUS204@13:00,ULUSLARARASI TİCARET VE İŞLETMECİLİK,BUS204,ORGANIZATIONAL BEHAVIOUR,B217(SINIF)[121],HANDE ÖZGEN,2,Cuma,13:00,15:20,69
ULUSLARARASI TİCARET VE İŞLETMECİLİK_ITB344,ULUSLARARASI TİCARET VE İŞLETMECİLİK,ITB344,INTERNATIONAL BUSINESS II,B209(SINIF)[70],HAKAN DULKADİROĞLU,3,Pazartesi,09:00,11:50,65
ULUSLARARASI TİCARET VE İŞLETMECİLİK_ITB342,ULUSLARARASI TİCARET VE İŞLETMECİLİK,ITB342,INTERNATIONAL NEGOTIATIONS AND SALES MANAGEMENT,B212(SINIF)[96],ALİ AYCI,3,Pazartesi,13:00,15:20,106
ULUSLARARASI TİCARET VE İŞLETMECİLİK_ITB302,ULUSLARARASI TİCARET VE İŞLETMECİLİK,ITB302,INTERNATIONAL TRADE AND BUSINESS LAW,B202(AMFİ 1)[140],HALİL ALPEREN IŞIK,3,Salı,09:00,11:50,70
ULUSLARARASI TİCARET VE İŞLETMECİLİK_ITB330,ULUSLARARASI TİCARET VE İŞLETMECİLİK,ITB330,INTERNATIONAL ECONOMICS SYSTEMS,B210(SINIF)[112],MELEK MUTİOĞLU ÖZKESEN,3,Perşembe,09:00,11:50,21
ULUSLARARASI TİCARET VE İŞLETMECİLİK_ITB312,ULUSLARARASI TİCARET VE İŞLETMECİLİK,ITB312,INTERNATIONAL ECONOMICS II,B202(AMFİ 1)[140],BİLGE CANBALOĞLU,3,Perşembe,13:00,15:20,53
ULUSLARARASI TİCARET VE İŞLETMECİLİK_ITB448,ULUSLARARASI TİCARET VE İŞLETMECİLİK,ITB448,INTERNATIONAL SERVICE TRADE,B217(SINIF)[121],ALİ AYCI,4,Pazartesi,09:00,11:50,17
ULUSLARARASI TİCARET VE İŞLETMECİLİK_ITB426,ULUSLARARASI TİCARET VE İŞLETMECİLİK,ITB426,HUMAN RESOURCE INFORMATION SYSTEMS,B207(SINIF)[70],HAKAN DULKADİROĞLU,4,Pazartesi,13:00,15:20,48
ULUSLARARASI TİCARET VE İŞLETMECİLİK_ITB436,ULUSLARARASI TİCARET VE İŞLETMECİLİK,ITB436,GLOBAL CORPORATE GOVERNANCE,B205(SINIF)[70],HASAN FATİH BİNGÖL,4,Salı,13:00,15:20,12
ULUSLARARASI TİCARET VE İŞLETMECİLİK_ITB406,ULUSLARARASI TİCARET VE İŞLETMECİLİK,ITB406,NATIONS POLITICS AND MARKETS,B209(SINIF)[70],MELEK MUTİOĞLU ÖZKESEN,4,Perşembe,13:00,15:20,44
ULUSLARARASI TİCARET VE İŞLETMECİLİK_ITB446,ULUSLARARASI TİCARET VE İŞLETMECİLİK,ITB446,TURKISH ECONOMY,B211(SINIF)[70],SEDA EKMEN ÖZÇELİK,4,Cuma,09:00,11:50,23
ULUSLARARASI TİCARET VE İŞLETMECİLİK_ITB414,ULUSLARARASI TİCARET VE İŞLETMECİLİK,ITB414,APPLIED DATA ANALYSIS II,BZ29(Bilgisayar Laboratuvarı)[70],SEDA EKMEN ÖZÇELİK,4,Cuma,13:00,15:20,18
YÖNETİM BİLİŞİM SİSTEMLERİ_MIS112,YÖNETİM BİLİŞİM SİSTEMLERİ,MIS112,COMPUTER PROGRAMMING I,BZ29(Bilgisayar Laboratuvarı)[70],ÖMÜR AKDEMİR,1,Pazartesi,09:00,11:50,71
YÖNETİM BİLİŞİM SİSTEMLERİ_MIS104,YÖNETİM BİLİŞİM SİSTEMLERİ,MIS104,INTRODUCTION TO INFORMATION SYSTEMS,B212(SINIF)[96],VİLDAN ATEŞ,1,Salı,09:00,11:50,93
YÖNETİM BİLİŞİM SİSTEMLERİ_ITB102@13:00,YÖNETİM BİLİŞİM SİSTEMLERİ,ITB102,INTRODUCTION TO ECONOMICS II,B201(AMFİ 2)[140],MERVE KARACAER,1,Salı,13:00,15:20,79
YÖNETİM BİLİŞİM SİSTEMLERİ_BUS104@09:00,YÖNETİM BİLİŞİM SİSTEMLERİ,BUS104,CALCULUS FOR BUSINESS II,B217(SINIF)[121],BELMA ARSLAN,1,Perşembe,09:00,11:50,72
YÖNETİM BİLİŞİM SİSTEMLERİ_BUS106@13:00,YÖNETİM BİLİŞİM SİSTEMLERİ,BUS106,ACCOUNTING II,B201(AMFİ 2)[140],KÜRŞAD ÇAVUŞOĞLU,1,Cuma,13:00,15:20,74
YÖNETİM BİLİŞİM SİSTEMLERİ_BUS210@09:00,YÖNETİM BİLİŞİM SİSTEMLERİ,BUS210,INTRODUCTION TO MARKETING,B201(AMFİ 2)[140],MUSTAFA ÜNSALAN,2,Pazartesi,09:00,15:20,54
YÖNETİM BİLİŞİM SİSTEMLERİ_BF202@09:00,YÖNETİM BİLİŞİM SİSTEMLERİ,BF202,FINANCIAL MANAGEMENT,B237(SINIF)[121],AYHAN KAPUSUZOĞLU,2,Salı,09:00,15:20,87
YÖNETİM BİLİŞİM SİSTEMLERİ_MIS204,YÖNETİM BİLİŞİM SİSTEMLERİ,MIS204,DATABASE MANAGEMENT,B212(SINIF)[96],VİLDAN ATEŞ,2,Salı,13:00,15:20,77
YÖNETİM BİLİŞİM SİSTEMLERİ_MIS210,YÖNETİM BİLİŞİM SİSTEMLERİ,MIS210,COMPUTER NETWORKS AND SECURITY,B209(SINIF)[70],MAZLUM ÖZÇAĞDAVUL,2,Çarşamba,09:00,11:50,67
YÖNETİM BİLİŞİM SİSTEMLERİ_BUS202@09:00,YÖNETİM BİLİŞİM SİSTEMLERİ,BUS202,STATISTICS FOR BUSINESS II,B202(AMFİ 1)[140],İKLİM GEDİK BALAY,2,Perşembe,09:00,11:50,56
YÖNETİM BİLİŞİM SİSTEMLERİ_MIS372,YÖNETİM BİLİŞİM SİSTEMLERİ,MIS372,FORECASTING,B212(SINIF)[96],KEZİBAN SEÇKİN CODAL,3,Pazartesi,09:00,11:50,34
YÖNETİM BİLİŞİM SİSTEMLERİ_MIS310,YÖNETİM BİLİŞİM SİSTEMLERİ,MIS310,PROBABILITY,B210(SINIF)[112],KEZİBAN SEÇKİN CODAL,3,Pazartesi,13:00,15:20,24
YÖNETİM BİLİŞİM SİSTEMLERİ_MIS301,YÖNETİM BİLİŞİM SİSTEMLERİ,MIS301,WEB PROGRAMMING,BZ29(Bilgisayar Laboratuvarı)[70],MAZLUM ÖZÇAĞDAVUL,3,Salı,13:00,15:20,62
YÖNETİM BİLİŞİM SİSTEMLERİ_MIS362,YÖNETİM BİLİŞİM SİSTEMLERİ,MIS362,INNOVATION AND TECHNOLOGY MANAGEMENT,B212(SINIF)[96],DERYA FINDIK,3,Çarşamba,09:00,11:50,85
YÖNETİM BİLİŞİM SİSTEMLERİ_MIS381,YÖNETİM BİLİŞİM SİSTEMLERİ,MIS381,DIGITAL SYSTEMS,B212(SINIF)[96],HÜSEYİN DEMİREL,3,Cuma,09:00,11:50,33
YÖNETİM BİLİŞİM SİSTEMLERİ_MIS394,YÖNETİM BİLİŞİM SİSTEMLERİ,MIS394,INTERNET OF THINGS,B212(SINIF)[96],HÜSEYİN DEMİREL,3,Cuma,13:00,15:20,51
YÖNETİM BİLİŞİM SİSTEMLERİ_MIS446,YÖNETİM BİLİŞİM SİSTEMLERİ,MIS446,E-GOVERNMENT AND PUBLIC TRANSFORMATION,B211(SINIF)[70],TUNÇ DURMUŞ MEDENİ,4,Pazartesi,13:00,15:20,55
YÖNETİM BİLİŞİM SİSTEMLERİ_MIS410,YÖNETİM BİLİŞİM SİSTEMLERİ,MIS410,INFORMATION LAW,B210(SINIF)[112],MUSAB TALHA AKPINAR,4,Salı,09:00,11:50,45
YÖNETİM BİLİŞİM SİSTEMLERİ_MIS441,YÖNETİM BİLİŞİM SİSTEMLERİ,MIS441,ENTERPRISE INFORMATION SYSTEMS,B211(SINIF)[70],MUSAB TALHA AKPINAR,4,Salı,13:00,15:20,63
YÖNETİM BİLİŞİM SİSTEMLERİ_MIS404,YÖNETİM BİLİŞİM SİSTEMLERİ,MIS404,HUMAN-COMPUTER INTERACTION,B209(SINIF)[70],MAZLUM ÖZÇAĞDAVUL,4,Çarşamba,13:00,15:20,32
HEMŞİRELİK_HEM104,HEMŞİRELİK,HEM104,KENDİNİ TANIMA VE İLETİŞİM YÖNTEMLERİ,,,1,Salı,9,11:50,198
HEMŞİRELİK_HEM106,HEMŞİRELİK,HEM106,BESLENMEYE GİRİŞ,,,1,Salı,13.5,14:50,192
HEMŞİRELİK_HEM102,HEMŞİRELİK,HEM102,HEMŞİRELİK ESASLARI,,,1,Çarşamba,8,16:20,193
HEMŞİRELİK_HEM202,HEMŞİRELİK,HEM202,CERRAHİ HASTALIKLARI HEMŞİRELİĞİ,,,2,Pazartesi,8,16:20,180
HEMŞİRELİK_HEM206,HEMŞİRELİK,HEM206,SAĞLIK SOSYOLOJİSİ,,,2,Perşembe,10,11:50,179
HEMŞİRELİK_SBF101,HEMŞİRELİK,SBF101,PSİKOLOJİ,,,2,Perşembe,13,16:20,103
HEMŞİRELİK_ING202,HEMŞİRELİK,ING202,İNGİLİZCE IV,,,2,Cuma,9,11:50,189
HEMŞİRELİK_HEM210,HEMŞİRELİK,HEM210,GENEL PATOLOJİ,,,2,Cuma,13,14:50,174
HEMŞİRELİK_HEM306,HEMŞİRELİK,HEM306,HEMŞİRELİKTE ARAŞTIRMA YÖNTEMLERİ,,,3,Pazartesi,9,11:50,153
HEMŞİRELİK_HEM308,HEMŞİRELİK,HEM308,YOĞUN BAKIM HEMŞİRELİĞİ,,,3,Salı,8,09:50,91
HEMŞİRELİK_HEM318,HEMŞİRELİK,HEM318,PERİNATOLOJİ,,,3,Salı,10,11:50,75
HEMŞİRELİK_SBF110,HEMŞİRELİK,SBF110,İLK YARDIM,,,3,Salı,13,16:20,165
HEMŞİRELİK_HEM302,HEMŞİRELİK,HEM302,ÇOCUK SAĞLIĞI VE HASTALIKLARI HEMŞİRELİĞİ,,,3,Çarşamba,8,11:50,163
HEMŞİRELİK_HEM416,HEMŞİRELİK,HEM416,ÇOCUK İHMALİ VE İSTİSMARI,,,4,Pazartesi,8,09:50,44
HEMŞİRELİK_HEM406,HEMŞİRELİK,HEM406,HASTA VE ÇALIŞAN GÜVENLİĞİ,,,4,Pazartesi,10,10:50,49
HEMŞİRELİK_HEM418,HEMŞİRELİK,HEM418,PALYATİF BAKIM HEMŞİRELİĞİ,,,4,Pazartesi,10,10:50,80
HEMŞİRELİK_HEM414,HEMŞİRELİK,HEM414,GERİATRİ HEMŞİRELİĞİ,,,4,Pazartesi,13,14:50,164
HEMŞİRELİK_HEM404,HEMŞİRELİK,HEM404,HEMŞİRELİKTE YÖNETİM,,,4,Salı,8,16:20,161
HEMŞİRELİK_HEM402,HEMŞİRELİK,HEM402,HALK SAĞLIĞI HEMŞİRELİĞİ,,,4,Çarşamba,8,14:50,167
ODYOLOJİ_ODY108,ODYOLOJİ,ODY108,NÖROANATOMİ VE NÖROFİZYOLOJİ,,,1,Pazartesi,9,11:50,53
ODYOLOJİ_SBF212,ODYOLOJİ,SBF212,İLK YARDIM,,,1,Salı,8,11:50,139
ODYOLOJİ_ODY102,ODYOLOJİ,ODY102,"İŞİTME ANATOMİSİ, FİZYOLOJİSİ VE HASTALIKLARI",,,1,Salı,13,14:50,64
ODYOLOJİ_ODY106,ODYOLOJİ,ODY106,"KONUŞMA, SES, YUTMA ANATOMİ, FİZYOLOJİSİ VE BOZUKLUKLARI",,,1,Salı,15,15:20,69
ODYOLOJİ_ODY104,ODYOLOJİ,ODY104,"VESTİBÜLER SİSTEM ANATOMİSİ, FİZYOLOJİSİ VE HASTALIKLARI",,,1,Salı,16,16:20,61
ODYOLOJİ_SBF207,ODYOLOJİ,SBF207,SAĞLIK HUKUKU,,,1,Çarşamba,10,11:50,69
ODYOLOJİ_ODY116,ODYOLOJİ,ODY116,TIBBİ BİYOLOJİ VE GENETİK,,,1,Perşembe,10,11:50,73
ODYOLOJİ_ODY112,ODYOLOJİ,ODY112,GELİŞİM PSİKOLOJİSİ,,,1,Perşembe,13,14:50,77
ODYOLOJİ_ODY114,ODYOLOJİ,ODY114,SES FİZİĞİ VE AKUSTİK FONETİK,,,1,Perşembe,16,16:20,70
ODYOLOJİ_ODY206,ODYOLOJİ,ODY206,İŞİTME CİHAZLARI VE AMPLİFİKASYON SİSTEMLERİNE GİRİŞ,,,2,Pazartesi,10,14:50,58
ODYOLOJİ_SBF103,ODYOLOJİ,SBF103,BİLİMSEL ARAŞTIRMA YÖNTEMLERİ VE YAYIN ETİĞİ,,,2,Pazartesi,13,15:20,64
ODYOLOJİ_ODY208,ODYOLOJİ,ODY208,PEDİATRİK ODYOLOJİ,,,2,Salı,9,10:50,56
ODYOLOJİ_ODY204,ODYOLOJİ,ODY204,VESTİBÜLER DEĞERLENDİRME YÖNTEMLERİ - II,,,2,Salı,11,14:50,54
ODYOLOJİ_ODY202,ODYOLOJİ,ODY202,ODYOLOJİDE OBJEKTİF DEĞERLENDİRME YÖNTEMLERİ – II,,,2,Salı,15,16:20,55
ODYOLOJİ_ODY254,ODYOLOJİ,ODY254,ODYOLOJİDE TARAMA YÖNTEMLERİ,,,2,Çarşamba,13,14:50,58
ODYOLOJİ_ODY314,ODYOLOJİ,ODY314,ODYOLOGLAR İÇİN FARMAKOLOJİ,,,3,Salı,10,11:50,92
ODYOLOJİ_ODY312,ODYOLOJİ,ODY312,SAĞLIK ETİĞİ,,,3,Salı,13,14:50,78
ODYOLOJİ_ODY308,ODYOLOJİ,ODY308,VESTİBÜLER REHABİLİTASYON,,,3,Çarşamba,15,16:20,70
ODYOLOJİ_ODY302,ODYOLOJİ,ODY302,İŞİTSEL REHABİLİTASYON,,,3,Perşembe,13,14:50,72
ODYOLOJİ_ODY362,ODYOLOJİ,ODY362,EĞİTİM MATERYALİ VE TERAPİ PROGRAMI GELİŞTİRME,,,3,Perşembe,15,15:20,75
ODYOLOJİ_ODY406,ODYOLOJİ,ODY406,ODYOLOJİDE ÖZEL KONULAR II,,,4,Pazartesi,13,14:50,55
DİL VE KONUŞ_DKT124,DİL VE KONUŞ,DKT124,KULAK BURUN BOĞAZ HASTALIKLARI VE BAŞ-YÜZ ANOMALİLERİ,,,1,Pazartesi,8,10:50,76
DİL VE KONUŞ_SBF110@13.00,DİL VE KONUŞ,SBF110,İLK YARDIM,,,1,Pazartesi,13,16:20,75
DİL VE KONUŞ_DKT122,DİL VE KONUŞ,DKT122,DİL VE KONUŞMA TERAPİSTLE Rİ İÇİN DİLBİLİM,,,1,Salı,10,11:50,74
DİL VE KONUŞ_DKT106,DİL VE KONUŞ,DKT106,AKUSTİK FONETİK,,,1,Salı,13,14:50,74
DİL VE KONUŞ_DKT120,DİL VE KONUŞ,DKT120,TEMEL İŞİTME BİLİMİ II,,,1,Çarşamba,8,11:50,77
DİL VE KONUŞ_SBF205,DİL VE KONUŞ,SBF205,TÜRK İŞARET DİLİ II,,,2,Pazartesi,8,10:50,61
DİL VE KONUŞ_DKT216,DİL VE KONUŞ,DKT216,OYUN VE ÇOCUK,,,2,Pazartesi,11,13:50,64
DİL VE KONUŞ_DKT202,DİL VE KONUŞ,DKT202,ÇOCUKLUK ÇAĞI DİL BOZUKLUKLARI,,,2,Salı,8,10:50,65
DİL VE KONUŞ_DKT214,DİL VE KONUŞ,DKT214,HALK SAĞLIĞI,,,2,Salı,11,13:50,53
DİL VE KONUŞ_DKT212,DİL VE KONUŞ,DKT212,KLİNİK FONOLOJİ,,,2,Çarşamba,8,10:50,74
DİL VE KONUŞ_DKT206,DİL VE KONUŞ,DKT206,DİL VE KONUŞMA TERAPİSİNDE KLİNİK DEĞERLENDİRME,,,2,Çarşamba,12,13:50,69
DİL VE KONUŞ_DKT224,DİL VE KONUŞ,DKT224,UYGULAMALI DAVRANIŞ ANALİZİ,,,2,Perşembe,10,13:50,65
DİL VE KONUŞ_DKT210,DİL VE KONUŞ,DKT210,NÖRODİLBİLİM,,,2,Perşembe,14,15:20,59
DİL VE KONUŞ_DKT204,DİL VE KONUŞ,DKT204,Çocuk Sağlığı ve Nöroloji,,,2,Cuma,9,11:50,57
DİL VE KONUŞ_SBF103@10.00,DİL VE KONUŞ,SBF103,BİLİMSEL ARAŞTIRMA YÖNTEMLERİ VE YAYIN ETİĞİ,,,3,Pazartesi,10,15:20,64
BESLENME VE_BED106,BESLENME VE,BED106,DEMOGRAFİK YAPI VE SAĞLIK,,,1,Salı,10,11:50,47
BESLENME VE_BED104,BESLENME VE,BED104,TEMEL KİMYA II,,,1,Salı,13,15:20,46
BESLENME VE_BED102,BESLENME VE,BED102,BESLENME İLKELERİ VE UYGULAMALARI II,,,1,Çarşamba,10,11:50,47
BESLENME VE_BED110,BESLENME VE,BED110,AKADEMİK OKUMA VE YAZMA,,,1,Çarşamba,13,14:50,44
BESLENME VE_SBF104,BESLENME VE,SBF104,SAĞLIK İLETİŞİMİ,,,1,Perşembe,8,09:50,208
BESLENME VE_BED108,BESLENME VE,BED108,TIBBİ BİYOLOJİ VE GENETİK,,,1,Cuma,10,11:50,43
BESLENME VE_BED204,BESLENME VE,BED204,BESİN MİKROBİYOLOJİSİ,,,2,Pazartesi,8,11:50,77
BESLENME VE_BED212,BESLENME VE,BED212,ANNE ÇOCUK BESLENMESİ,,,2,Pazartesi,9,11:50,90
BESLENME VE_BED208,BESLENME VE,BED208,ANATOMİ II,,,2,Pazartesi,13,14:50,88
BESLENME VE_BED206,BESLENME VE,BED206,BESİN KİMYASI VE UYGULAMALARI II,,,2,Salı,8,11:50,81
BESLENME VE_BED214,BESLENME VE,BED214,BESLENME EKOLOJİSİ,,,2,Salı,13,14:50,71
BESLENME VE_BED218,BESLENME VE,BED218,DÜNYA MUTFAKLARI,,,2,Çarşamba,8,09:50,79
BESLENME VE_BED210,BESLENME VE,BED210,FİZYOLOJİ II,,,2,Çarşamba,13,14:50,89
BESLENME VE_BED202,BESLENME VE,BED202,BESLENME BİYOKİMYASI II,,,2,Perşembe,10,13:50,82
BESLENME VE_BED320,BESLENME VE,BED320,ENTERAL VE PARENTERAL BESLENME,,,3,Pazartesi,8,09:50,66
BESLENME VE_BED312,BESLENME VE,BED312,BESLENME VE DİYETETİKTE ETİK,,,3,Pazartesi,10,11:50,62
BESLENME VE_BED328,BESLENME VE,BED328,BİYOİSTATİSTİK,,,3,Pazartesi,15,16:20,79
BESLENME VE_BED310,BESLENME VE,BED310,YETİŞKİN HASTALIKLARINDA BESLENME VE DİYETETİK UYGULAMALARI II,,,3,Salı,13,16:20,70
BESLENME VE_BED308,BESLENME VE,BED308,TOPLU BESLENME SİSTEMLERİ II,,,3,Çarşamba,13,16:20,62
BESLENME VE_BED326,BESLENME VE,BED326,BESLENME VE DİYETETİKTE GÜNCEL KONULAR,,,3,Perşembe,11,13:50,58
BESLENME VE_BED304,BESLENME VE,BED304,TOPLUMDA BESLENME SORUNLARI VE EPİDEMİYOLOJİSİ,,,3,Perşembe,15,16:20,65
BESLENME VE_BED306,BESLENME VE,BED306,ÇOCUK HASTALIKLARINDA BESLENME VE DİYETETİK UYGULAMALARI II,,,3,Cuma,9,13:50,65
BESLENME VE_BED412,BESLENME VE,BED412,BESLENME VE DİYETETİK ALANINDA DANIŞMANLIK HİZMETİ,,,4,Pazartesi,10,11:50,10
ÇOCUK GELİŞ_ÇGL110,ÇOCUK GELİŞ,ÇGL110,ÇOCUK GELİŞİMİ II,,,1,Pazartesi,9,11:50,47
ÇOCUK GELİŞ_ÇGL104,ÇOCUK GELİŞ,ÇGL104,GENEL FİZYOLOJİ,,,1,Salı,8,16:20,48
ÇOCUK GELİŞ_ÇGL108,ÇOCUK GELİŞ,ÇGL108,ÖZEL EĞİTİME GİRİŞ,,,1,Salı,9,11:50,46
ÇOCUK GELİŞ_ÇGL164,ÇOCUK GELİŞ,ÇGL164,Çocuk Ruh Sağlığı,,,1,Çarşamba,9,11:50,50
ÇOCUK GELİŞ_SBF109,ÇOCUK GELİŞ,SBF109,Sosyoloji,,,1,Çarşamba,13,14:50,57
ÇOCUK GELİŞ_ÇGL266,ÇOCUK GELİŞ,ÇGL266,Çocuk ve Oyun,,,2,Pazartesi,8,11:50,50
ÇOCUK GELİŞ_ÇGL210,ÇOCUK GELİŞ,ÇGL210,Çocuk Sağlığı ve Hastalıkları,,,2,Salı,9,11:50,63
ÇOCUK GELİŞ_ÇGL256,ÇOCUK GELİŞ,ÇGL256,Resimleriyle Çocuk,,,2,Salı,13,14:50,61
ÇOCUK GELİŞ_ÇGL262,ÇOCUK GELİŞ,ÇGL262,Çocuk Gelişiminde Eğitsel Yaklaşımlar,,,2,Salı,15,16:20,148
ÇOCUK GELİŞ_ÇGL204,ÇOCUK GELİŞ,ÇGL204,Bilişsel Gelişim,,,2,Çarşamba,9,11:50,62
ÇOCUK GELİŞ_ÇGL206,ÇOCUK GELİŞ,ÇGL206,Dil Gelişim,,,2,Çarşamba,13,15:20,72
ÇOCUK GELİŞ_ÇGL202,ÇOCUK GELİŞ,ÇGL202,Beyin Gelişimi,,,2,Perşembe,9,11:50,73
ÇOCUK GELİŞ_ÇGL264,ÇOCUK GELİŞ,ÇGL264,Erken Çocukluk Dönemide Program Geliştirme,,,2,Perşembe,13,15:20,76
ÇOCUK GELİŞ_ÇGL366,ÇOCUK GELİŞ,ÇGL366,Kaynaştırma,,,3,Pazartesi,13,14:50,57
ÇOCUK GELİŞ_ÇGL310,ÇOCUK GELİŞ,ÇGL310,Topluma Hizmet Uygulamaları,,,3,Salı,8,11:50,61
ÇOCUK GELİŞ_ÇGL360,ÇOCUK GELİŞ,ÇGL360,Çocuk ve Doğa,,,3,Salı,13,14:50,49
ÇOCUK GELİŞ_ÇGL362,ÇOCUK GELİŞ,ÇGL362,Çocuk Çalışmaları ve Etik,,,3,Çarşamba,10,11:50,36
ÇOCUK GELİŞ_ÇGL314,ÇOCUK GELİŞ,ÇGL314,Gelişimsel Destek Programı Hazırlama,,,3,Çarşamba,13,15:20,64
ÇOCUK GELİŞ_ÇGL308,ÇOCUK GELİŞ,ÇGL308,Ergenlik Psikolojisi,,,3,Perşembe,14,16:20,67
ÇOCUK GELİŞ_ÇGL312,ÇOCUK GELİŞ,ÇGL312,Çocuk Gelişiminde Alan Çalışmaları II,,,3,Cuma,8,14:50,27
ÇOCUK GELİŞ_ÇGL406,ÇOCUK GELİŞ,ÇGL406,Çocuk Gelişiminde Alan Çalışmaları IV,,,4,Pazartesi,8,14:50,25
ÇOCUK GELİŞ_ÇGL402,ÇOCUK GELİŞ,ÇGL402,Okul ve Ergenlik Döneminde Gelişimsel Destek Programları,,,4,Salı,9,11:50,57
ÇOCUK GELİŞ_ÇGL452,ÇOCUK GELİŞ,ÇGL452,Aile Danışmanlığı,,,4,Salı,13,14:50,67
ÇOCUK GELİŞ_ÇGL408,ÇOCUK GELİŞ,ÇGL408,Özel Eğitim Uygulaması II,,,4,Cuma,8,15:20,23
FİZYOTERAPİ_FTR106,FİZYOTERAPİ,FTR106,Beslenme,,,1,Salı,8,09:50,94
FİZYOTERAPİ_FTR110,FİZYOTERAPİ,FTR110,Patoloji,,,1,Salı,10,11:50,97
FİZYOTERAPİ_SBF210,FİZYOTERAPİ,SBF210,Sosyoloji,,,1,Çarşamba,13,14:50,95
FİZYOTERAPİ_FTR108,FİZYOTERAPİ,FTR108,Biyokimya,,,1,Perşembe,8,09:50,116
FİZYOTERAPİ_SBF101@10.00,FİZYOTERAPİ,SBF101,Psikoloji,,,1,Perşembe,10,16:20,103
FİZYOTERAPİ_FTR112,FİZYOTERAPİ,FTR112,Psikososyal Rehabilitasyon,,,1,Perşembe,13,14:50,101
FİZYOTERAPİ_FTR104,FİZYOTERAPİ,FTR104,Sinir ve Kas Fizyolojisi,,,1,Cuma,13,16:20,104
FİZYOTERAPİ_FTR208,FİZYOTERAPİ,FTR208,MANUEL TEDAVİ II,,,2,Pazartesi,8,11:50,89
FİZYOTERAPİ_FTR216,FİZYOTERAPİ,FTR216,KARDİYOPULMONER VE NÖROLOJİK HASTALIKLARIN KLİNİĞİ,,,2,Pazartesi,13,14:50,94
FİZYOTERAPİ_SBF212@08.00,FİZYOTERAPİ,SBF212,İLK YARDIM,,,2,Salı,8,11:50,139
FİZYOTERAPİ_FTR220,FİZYOTERAPİ,FTR220,İŞİTME VE KONUŞMA TEDAVİSİ,,,2,Salı,13,13:50,93
FİZYOTERAPİ_FTR206,FİZYOTERAPİ,FTR206,ELEKTROTERAPİ II,,,2,Çarşamba,8,11:50,96
FİZYOTERAPİ_FTR218,FİZYOTERAPİ,FTR218,ROMATOLOJİK VE DAHİLİ HASTALIKLARIN KLİNİĞİ,,,2,Çarşamba,13,14:50,98
FİZYOTERAPİ_FTR210,FİZYOTERAPİ,FTR210,TEDAVİ HAREKETLERİ,,,2,Perşembe,8,11:50,88
FİZYOTERAPİ_FTR214,FİZYOTERAPİ,FTR214,HAREKET BİLİMİ VE PRATİĞİ,,,2,Perşembe,13,14:50,84
FİZYOTERAPİ_FTR212,FİZYOTERAPİ,FTR212,KLİNİK BİYOMEKANİK,,,2,Perşembe,15,16:20,39
FİZYOTERAPİ_FTR204,FİZYOTERAPİ,FTR204,EGZERSİZ FİZYOLOJİSİ,,,2,Cuma,8,10:50,100
FİZYOTERAPİ_FTR258,FİZYOTERAPİ,FTR258,PERFORMANS TESTLERİ,,,2,Cuma,13,14:50,36
FİZYOTERAPİ_FTR215,FİZYOTERAPİ,FTR215,PALPASYON,,,2,Cuma,15,16:20,32
FİZYOTERAPİ_FTR365,FİZYOTERAPİ,FTR365,EL REHABİLİTASYONU,,,3,Pazartesi,8,09:50,47
FİZYOTERAPİ_FTR308,FİZYOTERAPİ,FTR308,KARDİYAK REHABİLİTASYON,,,3,Pazartesi,10,13:50,84
FİZYOTERAPİ_FTR302,FİZYOTERAPİ,FTR302,KİNEZYOLOJİ II,,,3,Salı,8,09:50,97
FİZYOTERAPİ_FTR358,FİZYOTERAPİ,FTR358,ENGELLİ SPORLARI,,,3,Salı,11,13:50,70
FİZYOTERAPİ_FTR310,FİZYOTERAPİ,FTR310,ORTEZ REHABİLİTASYONU,,,3,Salı,14,16:20,95
FİZYOTERAPİ_FTR314,FİZYOTERAPİ,FTR314,KADIN SAĞLIĞINDA FİZYOTERAPİ VE REHABİLİTASYON,,,3,Çarşamba,9,11:50,86
FİZYOTERAPİ_FTR306,FİZYOTERAPİ,FTR306,ROMATİZMAL HASTALIKLARIN REHABİLİTASYONU,,,3,Çarşamba,13,14:50,86
FİZYOTERAPİ_FTR304,FİZYOTERAPİ,FTR304,NÖROFİZYOLOJİK YAKLAŞIMLAR II,,,3,Perşembe,8,11:50,87
FİZYOTERAPİ_FTR316,FİZYOTERAPİ,FTR316,KONUŞMA VE YUTMA BOZUKLUKLARINDA REHABİLİTASYON,,,3,Perşembe,13,14:50,80
FİZYOTERAPİ_FTR312,FİZYOTERAPİ,FTR312,PEDİATRİK REHABİLİTASYON,,,3,Cuma,11,14:50,111
FİZYOTERAPİ_FTR412,FİZYOTERAPİ,FTR412,KLİNİK KARAR VERME II,,,4,Pazartesi,8,09:50,59
FİZYOTERAPİ_FTR414,FİZYOTERAPİ,FTR414,SAĞLIKTA ETİK,,,4,Salı,10,11:50,58
FİZYOTERAPİ_SBF102,FİZYOTERAPİ,SBF102,Biyoistatistik,,,4,Pazartesi,13,14:50,60
SOSYAL HİZM_SHB108,SOSYAL HİZM,SHB108,ÖĞRENME PSİKOLOJİSİ,,,1,Salı,9,11:50,31
SOSYAL HİZM_SHB102,SOSYAL HİZM,SHB102,SOSYAL HİZMET DİSİPLİNİ VE UYGULAMA ALANLARI ,,,1,Salı,13,15:20,89
SOSYAL HİZM_SHB110,SOSYAL HİZM,SHB110,ALAN İNCELEMESİ ,,,1,Çarşamba,13,14:50,45
SOSYAL HİZM_SHB106,SOSYAL HİZM,SHB106,SOSYAL ANTROPOLOJİ ,,,1,Perşembe,10,11:50,104
SOSYAL HİZM_SHB202,SOSYAL HİZM,SHB202,İNSAN DAVRANIŞI VE SOSYAL ÇEVRE II ,,,2,Salı,8,11:50,56
SOSYAL HİZM_SHB204,SOSYAL HİZM,SHB204,SOSYAL HİZMETTE KURAM VE YAKLAŞIMLAR II,,,2,Çarşamba,9,11:50,61
SOSYAL HİZM_SHB210,SOSYAL HİZM,SHB210,AİLE VE ÇOCUK HUKUKU,,,2,Perşembe,9,11:50,62
SOSYAL HİZM_SHB215,SOSYAL HİZM,SHB215,GÖÇMEN VE SIĞINMACILARLA SOSYAL HİZMET ,,,2,Perşembe,13,15:20,49
SOSYAL HİZM_SHB217,SOSYAL HİZM,SHB217,SOSYAL SORUNLAR ,,,2,Cuma,9,11:50,30
SOSYAL HİZM_SHB211,SOSYAL HİZM,SHB211,BİREYİ TANIMA TEKNİKLERİ,,,2,Cuma,14,16:20,69
SOSYAL HİZM_SBF103@13.00,SOSYAL HİZM,SBF103,BİLİMSEL ARAŞTIRMA YÖNTEM VE TEKNİKLERİ VE YAYIN ETİĞİ ,,,3,Pazartesi,13,15:20,64
SOSYAL HİZM_SHB302,SOSYAL HİZM,SHB302,AİLE TERAPİSİ KURAMLARI I ,,,3,Salı,9,11:50,65
SOSYAL HİZM_SHB306,SOSYAL HİZM,SHB306,BİREYSEL FARKLILIKLAR ,,,3,Salı,13,15:20,69
SOSYAL HİZM_SHB312,SOSYAL HİZM,SHB312,OKUL SOSYAL HİZMETİ ,,,3,Çarşamba,10,13:50,64
SOSYAL HİZM_SHB304,SOSYAL HİZM,SHB304,TOPLUMLA ÇALIŞMA VE TOPLUM ORGANİZASYONU,,,3,Çarşamba,14,16:20,65
SOSYAL HİZM_SHB413,SOSYAL HİZM,SHB413,MADDE BAĞIMLILIĞI VE SOSYAL HİZMET ,,,3,Perşembe,9,11:50,45
SOSYAL HİZM_SBF310,SOSYAL HİZM,SBF310,SOSYAL İNCELEME DEĞERLENDİRME VE RAPOR YAZMA ,,,3,Perşembe,13,15:20,67
SOSYAL HİZM_SHB317,SOSYAL HİZM,SHB317,GERONTOLOJİK SOSYAL HİZMET,,,3,Cuma,9,11:50,50
SOSYAL HİZM_SHB404,SOSYAL HİZM,SHB404,PROJE PLANLAMA ,,,4,Çarşamba,9,10:50,65
SAĞLIK YÖNE_SY118,SAĞLIK YÖNE,SY118,HALK SAĞLIĞI,,,1,Salı,11,14:00,95
SAĞLIK YÖNE_SY106,SAĞLIK YÖNE,SY106,SAĞLIK HİZMETLERİNDE ETİK,,,1,Salı,15,17:00,83
SAĞLIK YÖNE_SY114,SAĞLIK YÖNE,SY114,İŞLETME MATEMATİĞİ,,,1,Çarşamba,10,12:00,98
SAĞLIK YÖNE_SY112,SAĞLIK YÖNE,SY112,YÖNETİM BİLİMLERİNE GİRİŞ,,,1,Perşembe,8,10:00,100
SAĞLIK YÖNE_SY104,SAĞLIK YÖNE,SY104,İKTİSAT II,,,1,Perşembe,13,15:00,110
SAĞLIK YÖNE_SY210,SAĞLIK YÖNE,SY210,SAĞLIKTA YENİLİKÇİLİK VE GİRİŞİMCİLİK,,,2,Pazartesi,09:00,11:00,59
SAĞLIK YÖNE_SY211,SAĞLIK YÖNE,SY211,ZAMAN YÖNETİMİ,,,2,Pazartesi,10,12:00,17
SAĞLIK YÖNE_SY212,SAĞLIK YÖNE,SY212,SAĞLIK TURİZMİ,,,2,Salı,8,10:00,61
SAĞLIK YÖNE_SY222,SAĞLIK YÖNE,SY222,HASTA HAKLARI,,,2,Salı,10:00,12:00,46
SAĞLIK YÖNE_SY206,SAĞLIK YÖNE,SY206,SAĞLIK KURUMLARINDA ÖRGÜTSEL DAVRANIŞ,,,2,Salı,15,17:00,60
SAĞLIK YÖNE_SY220,SAĞLIK YÖNE,SY220,SAĞLIK KURUMLARINDA MALİYET MUHASEBESİ ,,,2,Salı,13:00,15:00,59
SAĞLIK YÖNE_SY204,SAĞLIK YÖNE,SY204,SAĞLIK POLİTİKASI ,,,2,Çarşamba,13:00,15:00,70
SAĞLIK YÖNE_SY202,SAĞLIK YÖNE,SY202,İDARE HUKUKU,,,2,Perşembe,10,12:00,87
SAĞLIK YÖNE_SY312,SAĞLIK YÖNE,SY312,SAĞLIK HİZMETLERİNDE HALKLA İLİŞKİLER VE İLETİŞİM,,,3,Pazartesi,8,10:00,58
SAĞLIK YÖNE_SY316,SAĞLIK YÖNE,SY316,SAĞLIK KURUMLARINDA ÜRETİM YÖNETİMİ,,,3,Salı,13,15:00,65
SAĞLIK YÖNE_SY304,SAĞLIK YÖNE,SY304,SAĞLIK HUKUKU,,,3,Salı,10,12:00,60
SAĞLIK YÖNE_SY310,SAĞLIK YÖNE,SY310,HASTA GÜVENLİĞİ,,,3,Salı,15:00,17:00,62
SAĞLIK YÖNE_SY306,SAĞLIK YÖNE,SY306,SAĞLIK HİZMETLERİNDE PERFORMANS YÖNETİMİ,,,3,Çarşamba,10,12:00,67
SAĞLIK YÖNE_SY308,SAĞLIK YÖNE,SY308,SAĞLIK HİZMETLERİNDE KALİTE YÖNETİMİ,,,3,Perşembe,13,15:00,60
İLAHİYAT_İLF108,İLAHİYAT,İLF108,Hadis Usulü(21),,,1,Pazartesi,9,10:50,75
İLAHİYAT_İLF112,İLAHİYAT,İLF112,İslam Ahlak Esasları ve Felsefesi (41),,,1,Pazartesi,11,12:50,74
İLAHİYAT_İLF110,İLAHİYAT,İLF110,İslam Tarihi-I (18) ,,,1,Pazartesi,14,15:20,83
İLAHİYAT_İLF,İLAHİYAT,İLF,Modern Çağ ve Tasavvuf (8),,,1,Salı,9,16:20,102
İLAHİYAT_İLF104,İLAHİYAT,İLF104,İslam İbadet Esasları (11),,,1,Salı,11,15:20,74
İLAHİYAT_İLF106,İLAHİYAT,İLF106,Tefsir Usulü (16),,,1,Salı,14,15:20,64
İLAHİYAT_İLF102,İLAHİYAT,İLF102,Kur'an Okuma ve Tecvid-II (24),,,1,Çarşamba,14,16:20,53
İLAHİYAT_İLF114,İLAHİYAT,İLF114,Arap Dili ve Edebiyatı-II (49),,,1,Perşembe,14,15:20,80
İLAHİYAT_İLF210,İLAHİYAT,İLF210,Felsefe Tarihi (34),,,2,Pazartesi,9,12:50,63
İLAHİYAT_İLF208,İLAHİYAT,İLF208,İslam Hukuku-I (29),,,2,Pazartesi,11,12:50,80
İLAHİYAT_İLF204,İLAHİYAT,İLF204,Tefsir-II (4),,,2,Pazartesi,14,15:20,81
İLAHİYAT_İLF212,İLAHİYAT,İLF212,Kelam Tarihi (33),,,2,Salı,9,12:50,83
İLAHİYAT_İLF206,İLAHİYAT,İLF206,Hadis-II (1),,,2,Salı,11,15:20,63
İLAHİYAT_İLF216,İLAHİYAT,İLF216,Din Sosyolojisi (38),,,2,Çarşamba,9,15:20,75
İLAHİYAT_İLF218,İLAHİYAT,İLF218,İslam Mezhepleri Tarihi-II (3),,,2,Perşembe,11,15:20,68
İLAHİYAT_İLF214,İLAHİYAT,İLF214,Türk Din Musikisi (35),,,2,Perşembe,14,15:20,70
İLAHİYAT_İLF202,İLAHİYAT,İLF202,Kur'an Okuma ve Tevcid-IV (24),,,2,Cuma,14,16:20,54
İLAHİYAT_İLF310,İLAHİYAT,İLF310,İslam Felsefesi-II (6),,,3,Pazartesi,11,15:20,38
İLAHİYAT_İLF312,İLAHİYAT,İLF312,Türk İslam Edebiyatı (28),,,3,Salı,9,12:50,39
İLAHİYAT_İLF314,İLAHİYAT,İLF314,İslam Hukuk Usulü-I (15),,,3,Salı,11,15:20,52
İLAHİYAT_İLF304,İLAHİYAT,İLF304,Sistematik Kelam-II (22),,,3,Salı,14,15:20,56
İLAHİYAT_İLF306,İLAHİYAT,İLF306,Tasavvuf-II (2),,,3,Çarşamba,9,10:50,64
İLAHİYAT_İLF302,İLAHİYAT,İLF302,Kur'an Okuma ve Tecvid-VI (24),,,3,Perşembe,11,12:50,43
İLAHİYAT_İLF308,İLAHİYAT,İLF308,Din Eğitimi (12),,,3,Perşembe,14,16:20,38
İLAHİYAT_İLF404,İLAHİYAT,İLF404,Din Felsefesi-II (48),,,4,Pazartesi,11,15:20,69
İLAHİYAT_İLF402,İLAHİYAT,İLF402,İslam Sanatları (47),,,4,Pazartesi,14,15:20,62
İLAHİYAT_İLF406,İLAHİYAT,İLF406,Yaygın Din Eğitimi Uygulamaları (23),,,4,Salı,14,16:20,57
TARİH_TAR 109,TARİH,TAR 109,İslam Tarihi-I,,,1,Salı,9,11:50,64
TARİH_TAR 105,TARİH,TAR 105,Osmanlı Türkçesi-I,,,1,Salı,13,15:20,30
TARİH_TAR 103,TARİH,TAR 103,İslam Öncesi Türk Tarihi,,,1,Çarşamba,10,11:50,27
TARİH_TAR 101,TARİH,TAR 101,Eski Doğu Tarihi,,,1,Çarşamba,13,14:50,36
TARİH_TAR 107,TARİH,TAR 107,Tarih Metodolojisi,,,1,Perşembe,10,12:50,25
TARİH_HIST 119,TARİH,HIST 119,History of World Civilizations-I,,,1,Cuma,9,10:50,44
TARİH_HIST 251,TARİH,HIST 251,Historical Reading-I,,,2,Pazartesi,13,14:50,1
TARİH_TAR 211,TARİH,TAR 211,Selçuklu Tarihi-I,,,2,Salı,12,13:50,53
TARİH_HIST 203,TARİH,HIST 203,Medieval European History,,,2,Salı,14,16:20,19
TARİH_TAR 235,TARİH,TAR 235,Osmanlı Türkçesi Metinleri-I,,,2,Çarşamba,9,11:50,38
TARİH_TAR 281,TARİH,TAR 281,Osmanlı Paleografyası-I,,,2,Çarşamba,15,16:20,5
TARİH_TAR 239,TARİH,TAR 239,Orta Asya Türk Tarihine Giriş,,,2,Cuma,9,10:50,12
TARİH_TAR 313,TARİH,TAR 313,Osmanlı Arşiv Belgeleri,,,3,Pazartesi,13,14:50,12
TARİH_TAR 303,TARİH,TAR 303,Osmanlı Kurumları ve Medeniyeti Tarihi,,,3,Salı,9,11:50,17
TARİH_TAR 341,TARİH,TAR 341,Tarih ve Mitoloji,,,3,Salı,13,14:50,15
TARİH_TAR 301,TARİH,TAR 301,Osmanlı Tarihi II (16. ve 17. Yy.),,,3,Çarşamba,9,11:50,30
TARİH_TAR 345,TARİH,TAR 345,Osmanlı Tarihi Metinleri,,,3,Çarşamba,13,14:50,12
TARİH_HIST 333,TARİH,HIST 333,Early Modern European History,,,3,Perşembe,9,11:50,19
TARİH_TAR 459,TARİH,TAR 459,Türk-Yunan İlişkileri Tarihi-I,,,4,Salı,12,13:50,31
TARİH_HIST 405,TARİH,HIST 405,Cont. World History-I,,,4,Çarşamba,9,11:50,19
TARİH_TAR 403,TARİH,TAR 403,Çağdaş Türkiye Tarihi-I (1909-1946),,,4,Çarşamba,14,16:20,34
TARİH_TAR 429,TARİH,TAR 429,Tarih Felsefesi,,,4,Perşembe,15,16:20,20
FELSEFE_FEL116,FELSEFE,FEL116,Bilim Tarihi ve Felsefesi-I,,,1,Pazartesi,9,11:50,72
FELSEFE_FEL102,FELSEFE,FEL102,İlkçağ Felsefesi,,,1,Pazartesi,13,15:20,84
FELSEFE_FEL112,FELSEFE,FEL112,Bilgi Felsefesi,,,1,Salı,13,15:20,66
FELSEFE_FEL118,FELSEFE,FEL118,Felsefede Araştırma ve Yöntem,,,1,Çarşamba,13,15:20,68
FELSEFE_FEL114,FELSEFE,FEL114,Klasik Mantık-I,,,1,Perşembe,13,16:20,57
FELSEFE_SOS262 ,FELSEFE,SOS262 ,Sosyoloji Tarihi-II,,,2,Pazartesi,9,11:50,39
FELSEFE_FEL244 ,FELSEFE,FEL244 ,Bilim Tarihi ve Felsefesi-II,,,2,Pazartesi,13,14:50,46
FELSEFE_FEL202,FELSEFE,FEL202,İslam Felsefesi Tarihi-I,,,2,Salı,9,11:50,44
FELSEFE_FEL206 ,FELSEFE,FEL206 ,Eleştirel Düşünme (Z),,,2,Çarşamba,9,11:50,39
FELSEFE_FEL226,FELSEFE,FEL226,Osmanlı Türkçesi-II,,,2,Çarşamba,13,14:50,7
FELSEFE_FEL204 ,FELSEFE,FEL204 ,Ahlak Felsefesi,,,2,Çarşamba,15,17:50,42
FELSEFE_FEL224 ,FELSEFE,FEL224 ,İnsan Hakları ve Felsefe,,,2,Perşembe,13,14:50,30
FELSEFE_FEL222,FELSEFE,FEL222,Modern Mantık-I,,,2,Perşembe,15,16:20,45
FELSEFE_FEL208 ,FELSEFE,FEL208 ,Modern Mantık,,,2,Cuma,13,16:20,1
FELSEFE_FEL306,FELSEFE,FEL306,Metodoloji,,,3,Pazartesi,9,11:50,2
FELSEFE_FEL322 ,FELSEFE,FEL322 ,Felsefe ve Doğa Bilimleri,,,3,Pazartesi,10,11:50,16
FELSEFE_FEL326,FELSEFE,FEL326,Felsefe ve Sosyal Bilimler,,,3,Pazartesi,13,15:20,28
FELSEFE_FEL304,FELSEFE,FEL304,Metafizik,,,3,Salı,9,11:50,34
FELSEFE_PSİ340 ,FELSEFE,PSİ340 ,Öğrenme Psikolojisi,,,3,Çarşamba,9,11:50,31
FELSEFE_FEL314 ,FELSEFE,FEL314 ,Eğitim Felsefesi,,,3,Çarşamba,13,14:50,28
FELSEFE_SOS362,FELSEFE,SOS362,Bilgi Sosyolojisi,,,3,Perşembe,9,11:50,46
FELSEFE_FEL324,FELSEFE,FEL324,Zihin Felsefesi,,,3,Perşembe,13,14:50,17
FELSEFE_FEL302,FELSEFE,FEL302,18. Yy ve Aydınlanma Felsefesi,,,3,Cuma,9,11:50,45
FELSEFE_FEL316,FELSEFE,FEL316,Dünya Sorunları ve Felsefe,,,3,Cuma,13,14:50,36
FELSEFE_FEL402 ,FELSEFE,FEL402 ,20.YY Felsefesi,,,4,Pazartesi,9,11:50,36
FELSEFE_FEL406,FELSEFE,FEL406,Türkiye'de Çağdaş Düşünce Tarihi,,,4,Pazartesi,13,15:20,36
FELSEFE_FEL412,FELSEFE,FEL412,Varoluş Felsefesi,,,4,Salı,9,10:50,8
FELSEFE_FEL426,FELSEFE,FEL426,Çevre Felsefesi ,,,4,Salı,13,16:20,26
FELSEFE_PSİ340,FELSEFE,PSİ340,Öğrenme Psikolojisi,,,4,Çarşamba,9,11:50,31
FELSEFE_FEL408,FELSEFE,FEL408,Siyaset Felsefesi,,,4,Çarşamba,9,11:50,36
FELSEFE_FEL420 ,FELSEFE,FEL420 ,Felsefi Danışmanlık,,,4,Çarşamba,13,14:50,23
FELSEFE_FEL424,FELSEFE,FEL424,İletişim Felsefesi,,,4,Perşembe,13,14:50,19
FELSEFE_FEL422,FELSEFE,FEL422,Teknoloji Felsefesi,,,4,Perşembe,15,16:20,16
